{"sdr0_real": [-1.0692445039749146, -1.066340446472168, -1.0692445039749146, -1.066340446472168, -1.066340446472168, -1.066340446472168, -1.0692445039749146, -1.0692445039749146, -1.0692445039749146, -1.0692445039749146, -1.0692445039749146, -1.0692445039749146, -1.066340446472168, -1.0692445039749146, -1.0692445039749146, -1.0692445039749146, -1.066340446472168, -1.0692445039749146, -1.066340446472168, -1.069075107574463, -1.066340446472168, -1.066340446472168, -1.0692445039749146, -1.069075107574463, -1.066340446472168, -1.0692445039749146, -1.0692445039749146, -1.066340446472168, -1.0692445039749146, -1.0692445039749146, -1.066340446472168, -1.066340446472168, -1.0692445039749146, -1.066340446472168, -1.0692445039749146, -1.0692445039749146, -1.066340446472168, -1.0692445039749146, -1.0692445039749146, -1.066340446472168, -1.0692445039749146, -1.0692445039749146, -1.0692445039749146, -1.0692445039749146, -1.0692445039749146, -1.0692445039749146, -1.0692445039749146, -1.0692445039749146, -1.066340446472168, -1.066340446472168, -1.0692445039749146, -1.0692445039749146, -1.0692445039749146, -1.0692445039749146, -1.066340446472168, -1.066340446472168, -1.066340446472168, -1.0692445039749146, -1.0692445039749146, -1.066340446472168, -1.0692445039749146, -1.066340446472168, -1.0692445039749146, -1.0692445039749146, -1.0692445039749146, -1.0692445039749146, -1.0692445039749146, -1.066340446472168, -1.0692445039749146, -1.066340446472168, -1.0692445039749146, -1.0692445039749146, -1.066340446472168, -1.0692445039749146, -1.0692445039749146, -1.0692445039749146, -1.0692445039749146, -1.0692445039749146, -1.0692445039749146, -1.0692445039749146, -1.0692445039749146, -1.0692445039749146, -1.0692445039749146, -1.0692445039749146, -1.0692445039749146, -1.0692445039749146, -1.066340446472168, -1.066340446472168, -1.066340446472168, -1.0692445039749146, -1.066340446472168, -1.0692445039749146, -1.0692445039749146, -1.0692445039749146, -1.0692445039749146, -1.0692445039749146, -1.0692445039749146, -1.0692445039749146, -1.0692445039749146, -1.0692445039749146], "sdr1_real": [-0.0024394458159804344, -0.0024394458159804344, -0.0024394458159804344, -0.0024394458159804344, -0.0024394458159804344, -0.0024394458159804344, -0.0024394458159804344, -0.0024394458159804344, -0.0024394458159804344, -0.0024394458159804344, -0.0024394458159804344, -0.0024394458159804344, -0.0024394458159804344, -0.0024394458159804344, -0.0024394458159804344, -0.0024394458159804344, -0.0024394458159804344, -0.0024394458159804344, -0.0024394458159804344, -0.0024394458159804344, -0.0024394458159804344, -0.0024394458159804344, -0.0024394458159804344, -0.0024394458159804344, -0.0024394458159804344, -0.0024394458159804344, -0.0024394458159804344, -0.0024394458159804344, -0.0024394458159804344, -0.0024394458159804344, -0.0024394458159804344, -0.0024394458159804344, -0.0024394458159804344, -0.0024394458159804344, -0.0024394458159804344, -0.0024394458159804344, -0.0024394458159804344, -0.0024394458159804344, -0.0024394458159804344, -0.0024394458159804344, -0.0024394458159804344, -0.0024394458159804344, -0.0024394458159804344, -0.0024394458159804344, -0.0024394458159804344, -0.0024394458159804344, -0.0024394458159804344, -0.0024394458159804344, -0.0024394458159804344, -0.0024394458159804344, -0.0024394458159804344, -0.0024394458159804344, -0.0024394458159804344, -0.0024394458159804344, -0.0024394458159804344, -0.0024394458159804344, -0.0024394458159804344, -0.0024394458159804344, -0.0024394458159804344, -0.0024394458159804344, -0.0024394458159804344, -0.0024394458159804344, -0.0024394458159804344, -0.0024394458159804344, -0.0024394458159804344, -0.0024394458159804344, -0.0024394458159804344, -0.0024394458159804344, -0.0024394458159804344, -0.0024394458159804344, -0.0024394458159804344, -0.0024394458159804344, -0.0024394458159804344, -0.0024394458159804344, -0.0024394458159804344, -0.0024394458159804344, -0.0024394458159804344, -0.0024394458159804344, -0.0024394458159804344, -0.0024394458159804344, -0.0024394458159804344, -0.0024394458159804344, -0.0024394458159804344, -0.0024394458159804344, -0.0024394458159804344, -0.0024394458159804344, -0.0024394458159804344, -0.0024394458159804344, -0.0024394458159804344, -0.0024394458159804344, -0.0024394458159804344, -0.0024394458159804344, -0.0024394458159804344, -0.0024394458159804344, -0.0024394458159804344, -0.0024394458159804344, -0.0024394458159804344, -0.0024394458159804344, -0.0024394458159804344, -0.0024394458159804344], "sdr0_sorted_real": [-1.0692445039749146, -1.0692445039749146, -1.0692445039749146, -1.0692445039749146, -1.0692445039749146, -1.0692445039749146, -1.0692445039749146, -1.0692445039749146, -1.0692445039749146, -1.0692445039749146, -1.0692445039749146, -1.0692445039749146, -1.0692445039749146, -1.0692445039749146, -1.0692445039749146, -1.0692445039749146, -1.0692445039749146, -1.0692445039749146, -1.0692445039749146, -1.0692445039749146, -1.0692445039749146, -1.0692445039749146, -1.0692445039749146, -1.0692445039749146, -1.0692445039749146, -1.0692445039749146, -1.0692445039749146, -1.0692445039749146, -1.0692445039749146, -1.0692445039749146, -1.0692445039749146, -1.0692445039749146, -1.0692445039749146, -1.0692445039749146, -1.0692445039749146, -1.0692445039749146, -1.0692445039749146, -1.0692445039749146, -1.0692445039749146, -1.0692445039749146, -1.0692445039749146, -1.0692445039749146, -1.0692445039749146, -1.0692445039749146, -1.0692445039749146, -1.0692445039749146, -1.0692445039749146, -1.0692445039749146, -1.0692445039749146, -1.0692445039749146, -1.0692445039749146, -1.0692445039749146, -1.0692445039749146, -1.0692445039749146, -1.0692445039749146, -1.0692445039749146, -1.0692445039749146, -1.0692445039749146, -1.0692445039749146, -1.0692445039749146, -1.0692445039749146, -1.0692445039749146, -1.0692445039749146, -1.0692445039749146, -1.0692445039749146, -1.0692445039749146, -1.0692445039749146, -1.0692445039749146, -1.069075107574463, -1.069075107574463, -1.066340446472168, -1.066340446472168, -1.066340446472168, -1.066340446472168, -1.066340446472168, -1.066340446472168, -1.066340446472168, -1.066340446472168, -1.066340446472168, -1.066340446472168, -1.066340446472168, -1.066340446472168, -1.066340446472168, -1.066340446472168, -1.066340446472168, -1.066340446472168, -1.066340446472168, -1.066340446472168, -1.066340446472168, -1.066340446472168, -1.066340446472168, -1.066340446472168, -1.066340446472168, -1.066340446472168, -1.066340446472168, -1.066340446472168, -1.066340446472168, -1.066340446472168, -1.066340446472168, -1.066340446472168],