{"sdr0_real": [-2.1935079097747803, -2.1935079097747803, -2.1935079097747803, -2.1935079097747803, -2.1935079097747803, -2.1935079097747803, -2.1935079097747803, -2.1935079097747803, -2.1935079097747803, -2.1935079097747803, -2.1935079097747803, -2.1935079097747803, -2.1935079097747803, -2.1935079097747803, -2.1935079097747803, -2.1935079097747803, -2.1935079097747803, -2.1935079097747803, -2.1935079097747803, -2.1935079097747803, -2.1935079097747803, -2.1935079097747803, -2.1935079097747803, -2.1935079097747803, -2.1935079097747803, -2.1935079097747803, -2.1935079097747803, -2.1935079097747803, -2.1935079097747803, -2.1935079097747803, -2.1935079097747803, -2.1935079097747803, -2.1935079097747803, -2.1935079097747803, -2.1935079097747803, -2.1935079097747803, -2.1935079097747803, -2.1935079097747803, -2.1935079097747803, -2.1935079097747803, -2.1935079097747803, -2.1935079097747803, -2.1935079097747803, -2.1935079097747803, -2.1935079097747803, -2.1935079097747803, -2.1935079097747803, -2.1935079097747803, -2.1935079097747803, -2.1935079097747803, -2.1935079097747803, -2.1935079097747803, -2.1935079097747803, -2.1935079097747803, -2.1935079097747803, -2.1935079097747803, -2.1935079097747803, -2.1935079097747803, -2.1935079097747803, -2.1935079097747803, -2.1935079097747803, -2.1935079097747803, -2.1935079097747803, -2.1935079097747803, -2.1935079097747803, -2.1935079097747803, -2.1935079097747803, -2.1935079097747803, -2.1935079097747803, -2.1935079097747803, -2.1935079097747803, -2.1935079097747803, -2.1935079097747803, -2.1935079097747803, -2.1935079097747803, -2.1935079097747803, -2.1935079097747803, -2.1935079097747803, -2.1935079097747803, -2.1935079097747803, -2.1935079097747803, -2.1935079097747803, -2.1935079097747803, -2.1935079097747803, -2.1935079097747803, -2.1935079097747803, -2.1935079097747803, -2.1935079097747803, -2.1935079097747803, -2.1935079097747803, -2.1935079097747803, -2.1935079097747803, -2.1935079097747803, -2.1935079097747803, -2.1935079097747803, -2.1935079097747803, -2.1935079097747803, -2.1935079097747803, -2.1935079097747803, -2.1935079097747803], "sdr1_real": [1.99476158618927, 1.99476158618927, 1.99476158618927, 1.99476158618927, 1.99476158618927, 1.99476158618927, 1.99476158618927, 1.99476158618927, 1.99476158618927, 1.99476158618927, 1.99476158618927, 1.99476158618927, 1.99476158618927, 1.99476158618927, 1.99476158618927, 1.99476158618927, 1.99476158618927, 1.99476158618927, 1.99476158618927, 1.99476158618927, 1.99476158618927, 1.99476158618927, 1.99476158618927, 1.99476158618927, 1.99476158618927, 1.99476158618927, 1.99476158618927, 1.99476158618927, 1.99476158618927, 1.99476158618927, 1.99476158618927, 1.99476158618927, 1.99476158618927, 1.99476158618927, 1.99476158618927, 1.99476158618927, 1.99476158618927, 1.99476158618927, 1.99476158618927, 1.99476158618927, 1.99476158618927, 1.99476158618927, 1.99476158618927, 1.99476158618927, 1.99476158618927, 1.99476158618927, 1.99476158618927, 1.99476158618927, 1.99476158618927, 1.99476158618927, 1.99476158618927, 1.99476158618927, 1.99476158618927, 1.99476158618927, 1.99476158618927, 1.99476158618927, 1.99476158618927, 1.99476158618927, 1.99476158618927, 1.99476158618927, 1.99476158618927, 1.99476158618927, 1.99476158618927, 1.99476158618927, 1.99476158618927, 1.99476158618927, 1.99476158618927, 1.99476158618927, 1.99476158618927, 1.99476158618927, 1.99476158618927, 1.99476158618927, 1.99476158618927, 1.99476158618927, 1.99476158618927, 1.99476158618927, 1.99476158618927, 1.99476158618927, 1.99476158618927, 1.99476158618927, 1.99476158618927, 1.99476158618927, 1.99476158618927, 1.99476158618927, 1.99476158618927, 1.99476158618927, 1.99476158618927, 1.99476158618927, 1.99476158618927, 1.99476158618927, 1.99476158618927, 1.99476158618927, 1.99476158618927, 1.99476158618927, 1.99476158618927, 1.99476158618927, 1.99476158618927, 1.99476158618927, 1.99476158618927, 1.99476158618927], "sdr0_sorted_real": [-2.1935079097747803, -2.1935079097747803, -2.1935079097747803, -2.1935079097747803, -2.1935079097747803, -2.1935079097747803, -2.1935079097747803, -2.1935079097747803, -2.1935079097747803, -2.1935079097747803, -2.1935079097747803, -2.1935079097747803, -2.1935079097747803, -2.1935079097747803, -2.1935079097747803, -2.1935079097747803, -2.1935079097747803, -2.1935079097747803, -2.1935079097747803, -2.1935079097747803, -2.1935079097747803, -2.1935079097747803, -2.1935079097747803, -2.1935079097747803, -2.1935079097747803, -2.1935079097747803, -2.1935079097747803, -2.1935079097747803, -2.1935079097747803, -2.1935079097747803, -2.1935079097747803, -2.1935079097747803, -2.1935079097747803, -2.1935079097747803, -2.1935079097747803, -2.1935079097747803, -2.1935079097747803, -2.1935079097747803, -2.1935079097747803, -2.1935079097747803, -2.1935079097747803, -2.1935079097747803, -2.1935079097747803, -2.1935079097747803, -2.1935079097747803, -2.1935079097747803, -2.1935079097747803, -2.1935079097747803, -2.1935079097747803, -2.1935079097747803, -2.1935079097747803, -2.1935079097747803, -2.1935079097747803, -2.1935079097747803, -2.1935079097747803, -2.1935079097747803, -2.1935079097747803, -2.1935079097747803, -2.1935079097747803, -2.1935079097747803, -2.1935079097747803, -2.1935079097747803, -2.1935079097747803, -2.1935079097747803, -2.1935079097747803, -2.1935079097747803, -2.1935079097747803, -2.1935079097747803, -2.1935079097747803, -2.1935079097747803, -2.1935079097747803, -2.1935079097747803, -2.1935079097747803, -2.1935079097747803, -2.1935079097747803, -2.1935079097747803, -2.1935079097747803, -2.1935079097747803, -2.1935079097747803, -2.1935079097747803, -2.1935079097747803, -2.1935079097747803, -2.1935079097747803, -2.1935079097747803, -2.1935079097747803, -2.1935079097747803, -2.1935079097747803, -2.1935079097747803, -2.1935079097747803, -2.1935079097747803, -2.1935079097747803, -2.1935079097747803, -2.1935079097747803, -2.1935079097747803, -2.1935079097747803, -2.1935079097747803, -2.1935079097747803, -2.1935079097747803, -2.1935079097747803, -2.1935079097747803], "sdr1_sorted_real": [1.99476158618927, 1.99476158618927, 1.99476158618927, 1.99476158618927, 1.99476158618927, 1.99476158618927, 1.99476158618927, 1.99476158618927, 1.99476158618927, 1.99476158618927, 1.99476158618927, 1.99476158618927, 1.99476158618927, 1.99476158618927, 1.99476158618927, 1.99476158618927, 1.99476158618927, 1.99476158618927, 1.99476158618927, 1.99476158618927, 1.99476158618927, 1.99476158618927, 1.99476158618927, 1.99476158618927, 1.99476158618927, 1.99476158618927, 1.99476158618927, 1.99476158618927, 1.99476158618927, 1.99476158618927, 1.99476158618927, 1.99476158618927, 1.99476158618927, 1.99476158618927, 1.99476158618927, 1.99476158618927, 1.99476158618927, 1.99476158618927, 1.99476158618927, 1.99476158618927, 1.99476158618927, 1.99476158618927, 1.99476158618927, 1.99476158618927, 1.99476158618927, 1.99476158618927, 1.99476158618927, 1.99476158618927, 1.99476158618927, 1.99476158618927, 1.99476158618927, 1.99476158618927, 1.99476158618927, 1.99476158618927, 1.99476158618927, 1.99476158618927, 1.99476158618927, 1.99476158618927, 1.99476158618927, 1.99476158618927, 1.99476158618927, 1.99476158618927, 1.99476158618927, 1.99476158618927, 1.99476158618927, 1.99476158618927, 1.99476158618927, 1.99476158618927, 1.99476158618927, 1.99476158618927, 1.99476158618927, 1.99476158618927, 1.99476158618927, 1.99476158618927, 1.99476158618927, 1.99476158618927, 1.99476158618927, 1.99476158618927, 1.99476158618927, 1.99476158618927, 1.99476158618927, 1.99476158618927, 1.99476158618927, 1.99476158618927, 1.99476158618927, 1.99476158618927, 1.99476158618927, 1.99476158618927, 1.99476158618927, 1.99476158618927, 1.99476158618927, 1.99476158618927, 1.99476158618927, 1.99476158618927, 1.99476158618927, 1.99476158618927, 1.99476158618927, 1.99476158618927, 1.99476158618927, 1.99476158618927]}