{"sdr0_real": [-0.09579192847013474, -0.09579192847013474, -0.09579192847013474, -0.09579192847013474, -0.09579192847013474, -0.09579192847013474, -0.09579192847013474, -0.09579192847013474, -0.09579192847013474, -0.09579192847013474, -0.09579192847013474, -0.09579192847013474, -0.09579192847013474, -0.09579192847013474, -0.09579192847013474, -0.09579192847013474, -0.09579192847013474, -0.09579192847013474, -0.09579192847013474, -0.09579192847013474, -0.09579192847013474, -0.09579192847013474, -0.09579192847013474, -0.09579192847013474, -0.09579192847013474, -0.09579192847013474, -0.09579192847013474, -0.09579192847013474, -0.09579192847013474, -0.09579192847013474, -0.09579192847013474, -0.09579192847013474, -0.09579192847013474, -0.09579192847013474, -0.09579192847013474, -0.09579192847013474, -0.09579192847013474, -0.09579192847013474, -0.09579192847013474, -0.09579192847013474, -0.09579192847013474, -0.09579192847013474, -0.09579192847013474, -0.09579192847013474, -0.09579192847013474, -0.09579192847013474, -0.09579192847013474, -0.09579192847013474, -0.09579192847013474, -0.09579192847013474, -0.09579192847013474, -0.09579192847013474, -0.09579192847013474, -0.09579192847013474, -0.09579192847013474, -0.09579192847013474, -0.09579192847013474, -0.09579192847013474, -0.09579192847013474, -0.09579192847013474, -0.09579192847013474, -0.09579192847013474, -0.09579192847013474, -0.09579192847013474, -0.09579192847013474, -0.09579192847013474, -0.09579192847013474, -0.09579192847013474, -0.09579192847013474, -0.09579192847013474, -0.09579192847013474, -0.09579192847013474, -0.09579192847013474, -0.09579192847013474, -0.09579192847013474, -0.09579192847013474, -0.09579192847013474, -0.09579192847013474, -0.09579192847013474, -0.09579192847013474, -0.09579192847013474, -0.09579192847013474, -0.09579192847013474, -0.09579192847013474, -0.09579192847013474, -0.09579192847013474, -0.09579192847013474, -0.09579192847013474, -0.09579192847013474, -0.09579192847013474, -0.09579192847013474, -0.09579192847013474, -0.09579192847013474, -0.09579192847013474, -0.09579192847013474, -0.09579192847013474, -0.09579192847013474, -0.09579192847013474, -0.09579192847013474, -0.09579192847013474], "sdr1_real": [-0.00406441418454051, -0.00406441418454051, -0.00406441418454051, -0.00406441418454051, -0.00406441418454051, -0.00406441418454051, -0.00406441418454051, -0.00406441418454051, -0.00406441418454051, -0.00406441418454051, -0.00406441418454051, -0.00406441418454051, -0.00406441418454051, -0.00406441418454051, -0.00406441418454051, -0.00406441418454051, -0.00406441418454051, -0.00406441418454051, -0.00406441418454051, -0.00406441418454051, -0.00406441418454051, -0.00406441418454051, -0.00406441418454051, -0.00406441418454051, -0.00406441418454051, -0.00406441418454051, -0.00406441418454051, -0.00406441418454051, -0.00406441418454051, -0.00406441418454051, -0.00406441418454051, -0.00406441418454051, -0.00406441418454051, -0.00406441418454051, -0.00406441418454051, -0.00406441418454051, -0.00406441418454051, -0.00406441418454051, -0.00406441418454051, -0.00406441418454051, -0.00406441418454051, -0.00406441418454051, -0.00406441418454051, -0.00406441418454051, -0.00406441418454051, -0.00406441418454051, -0.00406441418454051, -0.00406441418454051, -0.00406441418454051, -0.00406441418454051, -0.00406441418454051, -0.00406441418454051, -0.00406441418454051, -0.00406441418454051, -0.00406441418454051, -0.00406441418454051, -0.00406441418454051, -0.00406441418454051, -0.00406441418454051, -0.00406441418454051, -0.00406441418454051, -0.00406441418454051, -0.00406441418454051, -0.00406441418454051, -0.00406441418454051, -0.00406441418454051, -0.00406441418454051, -0.00406441418454051, -0.00406441418454051, -0.00406441418454051, -0.00406441418454051, -0.00406441418454051, -0.00406441418454051, -0.00406441418454051, -0.00406441418454051, -0.00406441418454051, -0.00406441418454051, -0.00406441418454051, -0.00406441418454051, -0.00406441418454051, -0.00406441418454051, -0.00406441418454051, -0.00406441418454051, -0.00406441418454051, -0.00406441418454051, -0.00406441418454051, -0.00406441418454051, -0.00406441418454051, -0.00406441418454051, -0.00406441418454051, -0.00406441418454051, -0.00406441418454051, -0.00406441418454051, -0.00406441418454051, -0.00406441418454051, -0.00406441418454051, -0.00406441418454051, -0.00406441418454051, -0.00406441418454051, -0.00406441418454051], "sdr0_sorted_real": [-0.09579192847013474, -0.09579192847013474, -0.09579192847013474, -0.09579192847013474, -0.09579192847013474, -0.09579192847013474, -0.09579192847013474, -0.09579192847013474, -0.09579192847013474, -0.09579192847013474, -0.09579192847013474, -0.09579192847013474, -0.09579192847013474, -0.09579192847013474, -0.09579192847013474, -0.09579192847013474, -0.09579192847013474, -0.09579192847013474, -0.09579192847013474, -0.09579192847013474, -0.09579192847013474, -0.09579192847013474, -0.09579192847013474, -0.09579192847013474, -0.09579192847013474, -0.09579192847013474, -0.09579192847013474, -0.09579192847013474, -0.09579192847013474, -0.09579192847013474, -0.09579192847013474, -0.09579192847013474, -0.09579192847013474, -0.09579192847013474, -0.09579192847013474, -0.09579192847013474, -0.09579192847013474, -0.09579192847013474, -0.09579192847013474, -0.09579192847013474, -0.09579192847013474, -0.09579192847013474, -0.09579192847013474, -0.09579192847013474, -0.09579192847013474, -0.09579192847013474, -0.09579192847013474, -0.09579192847013474, -0.09579192847013474, -0.09579192847013474, -0.09579192847013474, -0.09579192847013474, -0.09579192847013474, -0.09579192847013474, -0.09579192847013474, -0.09579192847013474, -0.09579192847013474, -0.09579192847013474, -0.09579192847013474, -0.09579192847013474, -0.09579192847013474, -0.09579192847013474, -0.09579192847013474, -0.09579192847013474, -0.09579192847013474, -0.09579192847013474, -0.09579192847013474, -0.09579192847013474, -0.09579192847013474, -0.09579192847013474, -0.09579192847013474, -0.09579192847013474, -0.09579192847013474, -0.09579192847013474, -0.09579192847013474, -0.09579192847013474, -0.09579192847013474, -0.09579192847013474, -0.09579192847013474, -0.09579192847013474, -0.09579192847013474, -0.09579192847013474, -0.09579192847013474, -0.09579192847013474, -0.09579192847013474, -0.09579192847013474, -0.09579192847013474, -0.09579192847013474, -0.09579192847013474, -0.09579192847013474, -0.09579192847013474, -0.09579192847013474, -0.09579192847013474, -0.09579192847013474, -0.09579192847013474, -0.09579192847013474, -0.09579192847013474, -0.09579192847013474, -0.09579192847013474, -0.09579192847013474],