{"sdr0_real": [2.259080410003662, 2.259080410003662, 2.259080410003662, 2.259080410003662, 2.259080410003662, 2.259080410003662, 2.259080410003662, 2.259080410003662, 2.259080410003662, 2.259080410003662, 2.259080410003662, 2.259080410003662, 2.259080410003662, 2.259080410003662, 2.259080410003662, 2.259080410003662, 2.259080410003662, 2.259080410003662, 2.259080410003662, 2.259080410003662, 2.259080410003662, 2.259080410003662, 2.259080410003662, 2.259080410003662, 2.259080410003662, 2.259080410003662, 2.259080410003662, 2.259080410003662, 2.259080410003662, 2.259080410003662, 2.259080410003662, 2.259080410003662, 2.259080410003662, 2.259080410003662, 2.259080410003662, 2.259080410003662, 2.259080410003662, 2.259080410003662, 2.259080410003662, 2.259080410003662, 2.259080410003662, 2.259080410003662, 2.259080410003662, 2.259080410003662, 2.259080410003662, 2.259080410003662, 2.259080410003662, 2.259080410003662, 2.259080410003662, 2.259080410003662, 2.259080410003662, 2.259080410003662, 2.259080410003662, 2.259080410003662, 2.259080410003662, 2.259080410003662, 2.259080410003662, 2.259080410003662, 2.259080410003662, 2.259080410003662, 2.259080410003662, 2.259080410003662, 2.259080410003662, 2.259080410003662, 2.259080410003662, 2.259080410003662, 2.259080410003662, 2.259080410003662, 2.259080410003662, 2.259080410003662, 2.259080410003662, 2.259080410003662, 2.259080410003662, 2.259080410003662, 2.259080410003662, 2.259080410003662, 2.259080410003662, 2.259080410003662, 2.259080410003662, 2.259080410003662, 2.259080410003662, 2.259080410003662, 2.259080410003662, 2.259080410003662, 2.259080410003662, 2.259080410003662, 2.259080410003662, 2.259080410003662, 2.259080410003662, 2.259080410003662, 2.259080410003662, 2.259080410003662, 2.259080410003662, 2.259080410003662, 2.259080410003662, 2.259080410003662, 2.259080410003662, 2.259080410003662, 2.259080410003662, 2.259080410003662], "sdr1_real": [2.31325364112854, 2.31325364112854, 2.31325364112854, 2.31325364112854, 2.31325364112854, 2.31325364112854, 2.31325364112854, 2.31325364112854, 2.31325364112854, 2.31325364112854, 2.31325364112854, 2.31325364112854, 2.31325364112854, 2.31325364112854, 2.31325364112854, 2.31325364112854, 2.31325364112854, 2.31325364112854, 2.31325364112854, 2.31325364112854, 2.31325364112854, 2.31325364112854, 2.31325364112854, 2.31325364112854, 2.31325364112854, 2.31325364112854, 2.31325364112854, 2.31325364112854, 2.31325364112854, 2.31325364112854, 2.31325364112854, 2.31325364112854, 2.31325364112854, 2.31325364112854, 2.31325364112854, 2.31325364112854, 2.31325364112854, 2.31325364112854, 2.31325364112854, 2.31325364112854, 2.31325364112854, 2.31325364112854, 2.31325364112854, 2.31325364112854, 2.31325364112854, 2.31325364112854, 2.31325364112854, 2.31325364112854, 2.31325364112854, 2.31325364112854, 2.31325364112854, 2.31325364112854, 2.31325364112854, 2.31325364112854, 2.31325364112854, 2.31325364112854, 2.31325364112854, 2.31325364112854, 2.31325364112854, 2.31325364112854, 2.31325364112854, 2.31325364112854, 2.31325364112854, 2.31325364112854, 2.31325364112854, 2.31325364112854, 2.31325364112854, 2.31325364112854, 2.31325364112854, 2.31325364112854, 2.31325364112854, 2.31325364112854, 2.31325364112854, 2.31325364112854, 2.31325364112854, 2.31325364112854, 2.31325364112854, 2.31325364112854, 2.31325364112854, 2.31325364112854, 2.31325364112854, 2.31325364112854, 2.31325364112854, 2.31325364112854, 2.31325364112854, 2.31325364112854, 2.31325364112854, 2.31325364112854, 2.31325364112854, 2.31325364112854, 2.31325364112854, 2.31325364112854, 2.31325364112854, 2.31325364112854, 2.31325364112854, 2.31325364112854, 2.31325364112854, 2.31325364112854, 2.31325364112854, 2.31325364112854], "sdr0_sorted_real": [2.259080410003662, 2.259080410003662, 2.259080410003662, 2.259080410003662, 2.259080410003662, 2.259080410003662, 2.259080410003662, 2.259080410003662, 2.259080410003662, 2.259080410003662, 2.259080410003662, 2.259080410003662, 2.259080410003662, 2.259080410003662, 2.259080410003662, 2.259080410003662, 2.259080410003662, 2.259080410003662, 2.259080410003662, 2.259080410003662, 2.259080410003662, 2.259080410003662, 2.259080410003662, 2.259080410003662, 2.259080410003662, 2.259080410003662, 2.259080410003662, 2.259080410003662, 2.259080410003662, 2.259080410003662, 2.259080410003662, 2.259080410003662, 2.259080410003662, 2.259080410003662, 2.259080410003662, 2.259080410003662, 2.259080410003662, 2.259080410003662, 2.259080410003662, 2.259080410003662, 2.259080410003662, 2.259080410003662, 2.259080410003662, 2.259080410003662, 2.259080410003662, 2.259080410003662, 2.259080410003662, 2.259080410003662, 2.259080410003662, 2.259080410003662, 2.259080410003662, 2.259080410003662, 2.259080410003662, 2.259080410003662, 2.259080410003662, 2.259080410003662, 2.259080410003662, 2.259080410003662, 2.259080410003662, 2.259080410003662, 2.259080410003662, 2.259080410003662, 2.259080410003662, 2.259080410003662, 2.259080410003662, 2.259080410003662, 2.259080410003662, 2.259080410003662, 2.259080410003662, 2.259080410003662, 2.259080410003662, 2.259080410003662, 2.259080410003662, 2.259080410003662, 2.259080410003662, 2.259080410003662, 2.259080410003662, 2.259080410003662, 2.259080410003662, 2.259080410003662, 2.259080410003662, 2.259080410003662, 2.259080410003662, 2.259080410003662, 2.259080410003662, 2.259080410003662, 2.259080410003662, 2.259080410003662, 2.259080410003662, 2.259080410003662, 2.259080410003662, 2.259080410003662, 2.259080410003662, 2.259080410003662, 2.259080410003662, 2.259080410003662, 2.259080410003662, 2.259080410003662, 2.259080410003662, 2.259080410003662], "sdr1_sorted_real": [2.31325364112854, 2.31325364112854, 2.31325364112854, 2.31325364112854, 2.31325364112854, 2.31325364112854, 2.31325364112854, 2.31325364112854, 2.31325364112854, 2.31325364112854, 2.31325364112854, 2.31325364112854, 2.31325364112854, 2.31325364112854, 2.31325364112854, 2.31325364112854, 2.31325364112854, 2.31325364112854, 2.31325364112854, 2.31325364112854, 2.31325364112854, 2.31325364112854, 2.31325364112854, 2.31325364112854, 2.31325364112854, 2.31325364112854, 2.31325364112854, 2.31325364112854, 2.31325364112854, 2.31325364112854, 2.31325364112854, 2.31325364112854, 2.31325364112854, 2.31325364112854, 2.31325364112854, 2.31325364112854, 2.31325364112854, 2.31325364112854, 2.31325364112854, 2.31325364112854, 2.31325364112854, 2.31325364112854, 2.31325364112854, 2.31325364112854, 2.31325364112854, 2.31325364112854, 2.31325364112854, 2.31325364112854, 2.31325364112854, 2.31325364112854, 2.31325364112854, 2.31325364112854, 2.31325364112854, 2.31325364112854, 2.31325364112854, 2.31325364112854, 2.31325364112854, 2.31325364112854, 2.31325364112854, 2.31325364112854, 2.31325364112854, 2.31325364112854, 2.31325364112854, 2.31325364112854, 2.31325364112854, 2.31325364112854, 2.31325364112854, 2.31325364112854, 2.31325364112854, 2.31325364112854, 2.31325364112854, 2.31325364112854, 2.31325364112854, 2.31325364112854, 2.31325364112854, 2.31325364112854, 2.31325364112854, 2.31325364112854, 2.31325364112854, 2.31325364112854, 2.31325364112854, 2.31325364112854, 2.31325364112854, 2.31325364112854, 2.31325364112854, 2.31325364112854, 2.31325364112854, 2.31325364112854, 2.31325364112854, 2.31325364112854, 2.31325364112854, 2.31325364112854, 2.31325364112854, 2.31325364112854, 2.31325364112854, 2.31325364112854, 2.31325364112854, 2.31325364112854, 2.31325364112854, 2.31325364112854]}