{"sdr0_real": [0.7895853519439697, 0.7895853519439697, 0.7895853519439697, 0.7895853519439697, 0.7895853519439697, 0.7895853519439697, 0.7895853519439697, 0.7895853519439697, 0.7895853519439697, 0.7895853519439697, 0.7895853519439697, 0.7895853519439697, 0.7895853519439697, 0.7895853519439697, 0.7895853519439697, 0.7895853519439697, 0.7895853519439697, 0.7895853519439697, 0.7895853519439697, 0.7895853519439697, 0.7895853519439697, 0.7895853519439697, 0.7895853519439697, 0.7895853519439697, 0.7895853519439697, 0.7895853519439697, 0.7895853519439697, 0.7895853519439697, 0.7895853519439697, 0.7895853519439697, 0.7895853519439697, 0.7895853519439697, 0.7895853519439697, 0.7895853519439697, 0.7895853519439697, 0.7895853519439697, 0.7895853519439697, 0.7895853519439697, 0.7895853519439697, 0.7895853519439697, 0.7895853519439697, 0.7895853519439697, 0.7895853519439697, 0.7895853519439697, 0.7895853519439697, 0.7895853519439697, 0.7895853519439697, 0.7895853519439697, 0.7895853519439697, 0.7895853519439697, 0.7895853519439697, 0.7895853519439697, 0.7895853519439697, 0.7895853519439697, 0.7895853519439697, 0.7895853519439697, 0.7895853519439697, 0.7895853519439697, 0.7895853519439697, 0.7895853519439697, 0.7895853519439697, 0.7895853519439697, 0.7895853519439697, 0.7895853519439697, 0.7895853519439697, 0.7895853519439697, 0.7895853519439697, 0.7895853519439697, 0.7895853519439697, 0.7895853519439697, 0.7895853519439697, 0.7895853519439697, 0.7895853519439697, 0.7895853519439697, 0.7895853519439697, 0.7895853519439697, 0.7895853519439697, 0.7895853519439697, 0.7895853519439697, 0.7895853519439697, 0.7895853519439697, 0.7895853519439697, 0.7895853519439697, 0.7895853519439697, 0.7895853519439697, 0.7895853519439697, 0.7895853519439697, 0.7895853519439697, 0.7895853519439697, 0.7895853519439697, 0.7895853519439697, 0.7895853519439697, 0.7895853519439697, 0.7895853519439697, 0.7895853519439697, 0.7895853519439697, 0.7895853519439697, 0.7895853519439697, 0.7895853519439697, 0.7895853519439697], "sdr1_real": [1.2875913381576538, 1.2875913381576538, 1.2875913381576538, 1.2875913381576538, 1.2875913381576538, 1.2875913381576538, 1.2875913381576538, 1.2875913381576538, 1.2875913381576538, 1.2875913381576538, 1.2875913381576538, 1.2875913381576538, 1.2875913381576538, 1.2875913381576538, 1.2875913381576538, 1.2875913381576538, 1.2875913381576538, 1.2875913381576538, 1.2875913381576538, 1.2875913381576538, 1.2875913381576538, 1.2875913381576538, 1.2875913381576538, 1.2875913381576538, 1.2875913381576538, 1.2875913381576538, 1.2875913381576538, 1.2875913381576538, 1.2875913381576538, 1.2875913381576538, 1.2875913381576538, 1.2875913381576538, 1.2875913381576538, 1.2875913381576538, 1.2875913381576538, 1.2875913381576538, 1.2875913381576538, 1.2875913381576538, 1.2875913381576538, 1.2875913381576538, 1.2875913381576538, 1.2875913381576538, 1.2875913381576538, 1.2875913381576538, 1.2875913381576538, 1.2875913381576538, 1.2875913381576538, 1.2875913381576538, 1.2875913381576538, 1.2875913381576538, 1.2875913381576538, 1.2875913381576538, 1.2875913381576538, 1.2875913381576538, 1.2875913381576538, 1.2875913381576538, 1.2875913381576538, 1.2875913381576538, 1.2875913381576538, 1.2875913381576538, 1.2875913381576538, 1.2875913381576538, 1.2875913381576538, 1.2875913381576538, 1.2875913381576538, 1.2875913381576538, 1.2875913381576538, 1.2875913381576538, 1.2875913381576538, 1.2875913381576538, 1.2875913381576538, 1.2875913381576538, 1.2875913381576538, 1.2875913381576538, 1.2875913381576538, 1.2875913381576538, 1.2875913381576538, 1.2875913381576538, 1.2875913381576538, 1.2875913381576538, 1.2875913381576538, 1.2875913381576538, 1.2875913381576538, 1.2875913381576538, 1.2875913381576538, 1.2875913381576538, 1.2875913381576538, 1.2875913381576538, 1.2875913381576538, 1.2875913381576538, 1.2875913381576538, 1.2875913381576538, 1.2875913381576538, 1.2875913381576538, 1.2875913381576538, 1.2875913381576538, 1.2875913381576538, 1.2875913381576538, 1.2875913381576538, 1.2875913381576538], "sdr0_sorted_real": [0.7895853519439697, 0.7895853519439697, 0.7895853519439697, 0.7895853519439697, 0.7895853519439697, 0.7895853519439697, 0.7895853519439697, 0.7895853519439697, 0.7895853519439697, 0.7895853519439697, 0.7895853519439697, 0.7895853519439697, 0.7895853519439697, 0.7895853519439697, 0.7895853519439697, 0.7895853519439697, 0.7895853519439697, 0.7895853519439697, 0.7895853519439697, 0.7895853519439697, 0.7895853519439697, 0.7895853519439697, 0.7895853519439697, 0.7895853519439697, 0.7895853519439697, 0.7895853519439697, 0.7895853519439697, 0.7895853519439697, 0.7895853519439697, 0.7895853519439697, 0.7895853519439697, 0.7895853519439697, 0.7895853519439697, 0.7895853519439697, 0.7895853519439697, 0.7895853519439697, 0.7895853519439697, 0.7895853519439697, 0.7895853519439697, 0.7895853519439697, 0.7895853519439697, 0.7895853519439697, 0.7895853519439697, 0.7895853519439697, 0.7895853519439697, 0.7895853519439697, 0.7895853519439697, 0.7895853519439697, 0.7895853519439697, 0.7895853519439697, 0.7895853519439697, 0.7895853519439697, 0.7895853519439697, 0.7895853519439697, 0.7895853519439697, 0.7895853519439697, 0.7895853519439697, 0.7895853519439697, 0.7895853519439697, 0.7895853519439697, 0.7895853519439697, 0.7895853519439697, 0.7895853519439697, 0.7895853519439697, 0.7895853519439697, 0.7895853519439697, 0.7895853519439697, 0.7895853519439697, 0.7895853519439697, 0.7895853519439697, 0.7895853519439697, 0.7895853519439697, 0.7895853519439697, 0.7895853519439697, 0.7895853519439697, 0.7895853519439697, 0.7895853519439697, 0.7895853519439697, 0.7895853519439697, 0.7895853519439697, 0.7895853519439697, 0.7895853519439697, 0.7895853519439697, 0.7895853519439697, 0.7895853519439697, 0.7895853519439697, 0.7895853519439697, 0.7895853519439697, 0.7895853519439697, 0.7895853519439697, 0.7895853519439697, 0.7895853519439697, 0.7895853519439697, 0.7895853519439697, 0.7895853519439697, 0.7895853519439697, 0.7895853519439697, 0.7895853519439697, 0.7895853519439697, 0.7895853519439697],