{"Average_sdr0_real": 1.7898551940917968, "Average_sdr1_real": 1.1593564605712892}