{"sdr0_real": [-0.015241420827805996, -0.015241420827805996, -0.015241420827805996, -0.015241420827805996, -0.015241420827805996, -0.015241420827805996, -0.015241420827805996, -0.015241420827805996, -0.015241420827805996, -0.015241420827805996, -0.015241420827805996, -0.015241420827805996, -0.015241420827805996, -0.015241420827805996, -0.015241420827805996, -0.015241420827805996, -0.015241420827805996, -0.015241420827805996, -0.015241420827805996, -0.015241420827805996, -0.015241420827805996, -0.015241420827805996, -0.015241420827805996, -0.015241420827805996, -0.015241420827805996, -0.015241420827805996, -0.015241420827805996, -0.015241420827805996, -0.015241420827805996, -0.015241420827805996, -0.015241420827805996, -0.015241420827805996, -0.015241420827805996, -0.015241420827805996, -0.015241420827805996, -0.015241420827805996, -0.015241420827805996, -0.015241420827805996, -0.015241420827805996, -0.015241420827805996, -0.015241420827805996, -0.015241420827805996, -0.015241420827805996, -0.015241420827805996, -0.015241420827805996, -0.015241420827805996, -0.015241420827805996, -0.015241420827805996, -0.015241420827805996, -0.015241420827805996, -0.015241420827805996, -0.015241420827805996, -0.015241420827805996, -0.015241420827805996, -0.015241420827805996, -0.015241420827805996, -0.015241420827805996, -0.015241420827805996, -0.015241420827805996, -0.015241420827805996, -0.015241420827805996, -0.015241420827805996, -0.015241420827805996, -0.015241420827805996, -0.015241420827805996, -0.015241420827805996, -0.015241420827805996, -0.015241420827805996, -0.015241420827805996, -0.015241420827805996, -0.015241420827805996, -0.015241420827805996, -0.015241420827805996, -0.015241420827805996, -0.015241420827805996, -0.015241420827805996, -0.015241420827805996, -0.015241420827805996, -0.015241420827805996, -0.015241420827805996, -0.015241420827805996, -0.015241420827805996, -0.015241420827805996, -0.015241420827805996, -0.015241420827805996, -0.015241420827805996, -0.015241420827805996, -0.015241420827805996, -0.015241420827805996, -0.015241420827805996, -0.015241420827805996, -0.015241420827805996, -0.015241420827805996, -0.015241420827805996, -0.015241420827805996, -0.015241420827805996, -0.015241420827805996, -0.015241420827805996, -0.015241420827805996, -0.015241420827805996], "sdr1_real": [3.6544277667999268, 3.6544277667999268, 3.6544277667999268, 3.6544277667999268, 3.6544277667999268, 3.6544277667999268, 3.6544277667999268, 3.6544277667999268, 3.6544277667999268, 3.6544277667999268, 3.6544277667999268, 3.6544277667999268, 3.6544277667999268, 3.6544277667999268, 3.6544277667999268, 3.6544277667999268, 3.6544277667999268, 3.6544277667999268, 3.6544277667999268, 3.6544277667999268, 3.6544277667999268, 3.6544277667999268, 3.6544277667999268, 3.6544277667999268, 3.6544277667999268, 3.6544277667999268, 3.6544277667999268, 3.6544277667999268, 3.6544277667999268, 3.6544277667999268, 3.6544277667999268, 3.6544277667999268, 3.6544277667999268, 3.6544277667999268, 3.6544277667999268, 3.6544277667999268, 3.6544277667999268, 3.6544277667999268, 3.6544277667999268, 3.6544277667999268, 3.6544277667999268, 3.6544277667999268, 3.6544277667999268, 3.6544277667999268, 3.6544277667999268, 3.6544277667999268, 3.6544277667999268, 3.6544277667999268, 3.6544277667999268, 3.6544277667999268, 3.6544277667999268, 3.6544277667999268, 3.6544277667999268, 3.6544277667999268, 3.6544277667999268, 3.6544277667999268, 3.6544277667999268, 3.6544277667999268, 3.6544277667999268, 3.6544277667999268, 3.6544277667999268, 3.6544277667999268, 3.6544277667999268, 3.6544277667999268, 3.6544277667999268, 3.6544277667999268, 3.6544277667999268, 3.6544277667999268, 3.6544277667999268, 3.6544277667999268, 3.6544277667999268, 3.6544277667999268, 3.6544277667999268, 3.6544277667999268, 3.6544277667999268, 3.6544277667999268, 3.6544277667999268, 3.6544277667999268, 3.6544277667999268, 3.6544277667999268, 3.6544277667999268, 3.6544277667999268, 3.6544277667999268, 3.6544277667999268, 3.6544277667999268, 3.6544277667999268, 3.6544277667999268, 3.6544277667999268, 3.6544277667999268, 3.6544277667999268, 3.6544277667999268, 3.6544277667999268, 3.6544277667999268, 3.6544277667999268, 3.6544277667999268, 3.6544277667999268, 3.6544277667999268, 3.6544277667999268, 3.6544277667999268, 3.6544277667999268], "sdr0_sorted_real": [-0.015241420827805996, -0.015241420827805996, -0.015241420827805996, -0.015241420827805996, -0.015241420827805996, -0.015241420827805996, -0.015241420827805996, -0.015241420827805996, -0.015241420827805996, -0.015241420827805996, -0.015241420827805996, -0.015241420827805996, -0.015241420827805996, -0.015241420827805996, -0.015241420827805996, -0.015241420827805996, -0.015241420827805996, -0.015241420827805996, -0.015241420827805996, -0.015241420827805996, -0.015241420827805996, -0.015241420827805996, -0.015241420827805996, -0.015241420827805996, -0.015241420827805996, -0.015241420827805996, -0.015241420827805996, -0.015241420827805996, -0.015241420827805996, -0.015241420827805996, -0.015241420827805996, -0.015241420827805996, -0.015241420827805996, -0.015241420827805996, -0.015241420827805996, -0.015241420827805996, -0.015241420827805996, -0.015241420827805996, -0.015241420827805996, -0.015241420827805996, -0.015241420827805996, -0.015241420827805996, -0.015241420827805996, -0.015241420827805996, -0.015241420827805996, -0.015241420827805996, -0.015241420827805996, -0.015241420827805996, -0.015241420827805996, -0.015241420827805996, -0.015241420827805996, -0.015241420827805996, -0.015241420827805996, -0.015241420827805996, -0.015241420827805996, -0.015241420827805996, -0.015241420827805996, -0.015241420827805996, -0.015241420827805996, -0.015241420827805996, -0.015241420827805996, -0.015241420827805996, -0.015241420827805996, -0.015241420827805996, -0.015241420827805996, -0.015241420827805996, -0.015241420827805996, -0.015241420827805996, -0.015241420827805996, -0.015241420827805996, -0.015241420827805996, -0.015241420827805996, -0.015241420827805996, -0.015241420827805996, -0.015241420827805996, -0.015241420827805996, -0.015241420827805996, -0.015241420827805996, -0.015241420827805996, -0.015241420827805996, -0.015241420827805996, -0.015241420827805996, -0.015241420827805996, -0.015241420827805996, -0.015241420827805996, -0.015241420827805996, -0.015241420827805996, -0.015241420827805996, -0.015241420827805996, -0.015241420827805996, -0.015241420827805996, -0.015241420827805996, -0.015241420827805996, -0.015241420827805996, -0.015241420827805996, -0.015241420827805996, -0.015241420827805996, -0.015241420827805996, -0.015241420827805996, -0.015241420827805996],