{"sdr0_real": [-0.1800919771194458, -0.1800919771194458, -0.1800919771194458, -0.1800919771194458, -0.1800919771194458, -0.1800919771194458, -0.1800919771194458, -0.1800919771194458, -0.1800919771194458, -0.1800919771194458, -0.1800919771194458, -0.1800919771194458, -0.1800919771194458, -0.1800919771194458, -0.1800919771194458, -0.1800919771194458, -0.1800919771194458, -0.1800919771194458, -0.1800919771194458, -0.1800919771194458, -0.1800919771194458, -0.1800919771194458, -0.1800919771194458, -0.1800919771194458, -0.1800919771194458, -0.1800919771194458, -0.1800919771194458, -0.1800919771194458, -0.1800919771194458, -0.1800919771194458, -0.1800919771194458, -0.1800919771194458, -0.1800919771194458, -0.1800919771194458, -0.1800919771194458, -0.1800919771194458, -0.1800919771194458, -0.1800919771194458, -0.1800919771194458, -0.1800919771194458, -0.1800919771194458, -0.1800919771194458, -0.1800919771194458, -0.1800919771194458, -0.1800919771194458, -0.1800919771194458, -0.1800919771194458, -0.1800919771194458, -0.1800919771194458, -0.1800919771194458, -0.1800919771194458, -0.1800919771194458, -0.1800919771194458, -0.1800919771194458, -0.1800919771194458, -0.1800919771194458, -0.1800919771194458, -0.1800919771194458, -0.1800919771194458, -0.1800919771194458, -0.1800919771194458, -0.1800919771194458, -0.18009477853775024, -0.1800919771194458, -0.1800919771194458, -0.1800919771194458, -0.1800919771194458, -0.1800919771194458, -0.1800919771194458, -0.1800919771194458, -0.1800919771194458, -0.1800919771194458, -0.1800919771194458, -0.1800919771194458, -0.1800919771194458, -0.1800919771194458, -0.1800919771194458, -0.1800919771194458, -0.1800919771194458, -0.1800919771194458, -0.1800919771194458, -0.1800919771194458, -0.1800919771194458, -0.1800919771194458, -0.1800919771194458, -0.1800919771194458, -0.1800919771194458, -0.1800919771194458, -0.1800919771194458, -0.1800919771194458, -0.1800919771194458, -0.1800919771194458, -0.1800919771194458, -0.1800919771194458, -0.1800919771194458, -0.1800919771194458, -0.1800919771194458, -0.1800919771194458, -0.1800919771194458, -0.1800919771194458], "sdr1_real": [-0.004491595551371574, -0.004491595551371574, -0.004491595551371574, -0.004491595551371574, -0.004491595551371574, -0.004491595551371574, -0.004491595551371574, -0.004491595551371574, -0.004491595551371574, -0.004491595551371574, -0.004491595551371574, -0.004491595551371574, -0.004491595551371574, -0.004491595551371574, -0.004491595551371574, -0.004491595551371574, -0.004491595551371574, -0.004491595551371574, -0.004491595551371574, -0.004491595551371574, -0.004491595551371574, -0.004491595551371574, -0.004491595551371574, -0.004491595551371574, -0.004491595551371574, -0.004491595551371574, -0.004491595551371574, -0.004491595551371574, -0.004491595551371574, -0.004491595551371574, -0.004491595551371574, -0.004491595551371574, -0.004491595551371574, -0.004491595551371574, -0.004491595551371574, -0.004491595551371574, -0.004491595551371574, -0.004491595551371574, -0.004491595551371574, -0.004491595551371574, -0.004491595551371574, -0.004491595551371574, -0.004491595551371574, -0.004491595551371574, -0.004491595551371574, -0.004491595551371574, -0.004491595551371574, -0.004491595551371574, -0.004491595551371574, -0.004491595551371574, -0.004491595551371574, -0.004491595551371574, -0.004491595551371574, -0.004491595551371574, -0.004491595551371574, -0.004491595551371574, -0.004491595551371574, -0.004491595551371574, -0.004491595551371574, -0.004491595551371574, -0.004491595551371574, -0.004491595551371574, -0.004491595551371574, -0.004491595551371574, -0.004491595551371574, -0.004491595551371574, -0.004491595551371574, -0.004491595551371574, -0.004491595551371574, -0.004491595551371574, -0.004491595551371574, -0.004491595551371574, -0.004491595551371574, -0.004491595551371574, -0.004491595551371574, -0.004491595551371574, -0.004491595551371574, -0.004491595551371574, -0.004491595551371574, -0.004491595551371574, -0.004491595551371574, -0.004491595551371574, -0.004491595551371574, -0.004491595551371574, -0.004491595551371574, -0.004491595551371574, -0.004491595551371574, -0.004491595551371574, -0.004491595551371574, -0.004491595551371574, -0.004491595551371574, -0.004491595551371574, -0.004491595551371574, -0.004491595551371574, -0.004491595551371574, -0.004491595551371574, -0.004491595551371574, -0.004491595551371574, -0.004491595551371574, -0.004491595551371574], "sdr0_sorted_real": [-0.18009477853775024, -0.1800919771194458, -0.1800919771194458, -0.1800919771194458, -0.1800919771194458, -0.1800919771194458, -0.1800919771194458, -0.1800919771194458, -0.1800919771194458, -0.1800919771194458, -0.1800919771194458, -0.1800919771194458, -0.1800919771194458, -0.1800919771194458, -0.1800919771194458, -0.1800919771194458, -0.1800919771194458, -0.1800919771194458, -0.1800919771194458, -0.1800919771194458, -0.1800919771194458, -0.1800919771194458, -0.1800919771194458, -0.1800919771194458, -0.1800919771194458, -0.1800919771194458, -0.1800919771194458, -0.1800919771194458, -0.1800919771194458, -0.1800919771194458, -0.1800919771194458, -0.1800919771194458, -0.1800919771194458, -0.1800919771194458, -0.1800919771194458, -0.1800919771194458, -0.1800919771194458, -0.1800919771194458, -0.1800919771194458, -0.1800919771194458, -0.1800919771194458, -0.1800919771194458, -0.1800919771194458, -0.1800919771194458, -0.1800919771194458, -0.1800919771194458, -0.1800919771194458, -0.1800919771194458, -0.1800919771194458, -0.1800919771194458, -0.1800919771194458, -0.1800919771194458, -0.1800919771194458, -0.1800919771194458, -0.1800919771194458, -0.1800919771194458, -0.1800919771194458, -0.1800919771194458, -0.1800919771194458, -0.1800919771194458, -0.1800919771194458, -0.1800919771194458, -0.1800919771194458, -0.1800919771194458, -0.1800919771194458, -0.1800919771194458, -0.1800919771194458, -0.1800919771194458, -0.1800919771194458, -0.1800919771194458, -0.1800919771194458, -0.1800919771194458, -0.1800919771194458, -0.1800919771194458, -0.1800919771194458, -0.1800919771194458, -0.1800919771194458, -0.1800919771194458, -0.1800919771194458, -0.1800919771194458, -0.1800919771194458, -0.1800919771194458, -0.1800919771194458, -0.1800919771194458, -0.1800919771194458, -0.1800919771194458, -0.1800919771194458, -0.1800919771194458, -0.1800919771194458, -0.1800919771194458, -0.1800919771194458, -0.1800919771194458, -0.1800919771194458, -0.1800919771194458, -0.1800919771194458, -0.1800919771194458, -0.1800919771194458, -0.1800919771194458, -0.1800919771194458, -0.1800919771194458],