{"sdr0_real": [3.206256866455078, 3.2051141262054443, 3.206256866455078, 3.2051141262054443, 3.2051141262054443, 3.206256866455078, 3.206256866455078, 3.206256866455078, 3.2051141262054443, 3.2051141262054443, 3.206256866455078, 3.2051141262054443, 3.2051141262054443, 3.2051141262054443, 3.2051141262054443, 3.206256866455078, 3.2051141262054443, 3.2051141262054443, 3.206256866455078, 3.2051141262054443, 3.2051141262054443, 3.206256866455078, 3.2051141262054443, 3.206256866455078, 3.2051141262054443, 3.206256866455078, 3.206256866455078, 3.2051141262054443, 3.2051141262054443, 3.206256866455078, 3.2051141262054443, 3.2051141262054443, 3.206256866455078, 3.2051141262054443, 3.2051141262054443, 3.2051141262054443, 3.206256866455078, 3.206256866455078, 3.2051141262054443, 3.206256866455078, 3.2051141262054443, 3.206256866455078, 3.2051141262054443, 3.2051141262054443, 3.206256866455078, 3.2051141262054443, 3.2051141262054443, 3.206256866455078, 3.2051141262054443, 3.206256866455078, 3.2051141262054443, 3.2051141262054443, 3.206256866455078, 3.2051141262054443, 3.206256866455078, 3.206256866455078, 3.206256866455078, 3.2051141262054443, 3.2051141262054443, 3.206256866455078, 3.2051141262054443, 3.206256866455078, 3.2051141262054443, 3.206256866455078, 3.2051141262054443, 3.2051141262054443, 3.206256866455078, 3.2051141262054443, 3.2051141262054443, 3.2051141262054443, 3.2051141262054443, 3.206256866455078, 3.206256866455078, 3.2051141262054443, 3.2051141262054443, 3.2051141262054443, 3.206256866455078, 3.206256866455078, 3.206256866455078, 3.2051141262054443, 3.206256866455078, 3.2051141262054443, 3.206256866455078, 3.2051141262054443, 3.2051141262054443, 3.206256866455078, 3.2051141262054443, 3.2051141262054443, 3.206256866455078, 3.2051141262054443, 3.2051141262054443, 3.206256866455078, 3.206256866455078, 3.2051141262054443, 3.2051141262054443, 3.2051141262054443, 3.206256866455078, 3.2051141262054443, 3.2051141262054443, 3.206256866455078], "sdr1_real": [-0.0037060456816107035, -0.0037060456816107035, -0.0037060456816107035, -0.0037060456816107035, -0.0037060456816107035, -0.0037060456816107035, -0.0037060456816107035, -0.0037060456816107035, -0.0037060456816107035, -0.0037060456816107035, -0.0037060456816107035, -0.0037060456816107035, -0.0037060456816107035, -0.0037060456816107035, -0.0037060456816107035, -0.0037060456816107035, -0.0037060456816107035, -0.0037060456816107035, -0.0037060456816107035, -0.0037060456816107035, -0.0037060456816107035, -0.0037060456816107035, -0.0037060456816107035, -0.0037060456816107035, -0.0037060456816107035, -0.0037060456816107035, -0.0037060456816107035, -0.0037060456816107035, -0.0037060456816107035, -0.0037060456816107035, -0.0037060456816107035, -0.0037060456816107035, -0.0037060456816107035, -0.0037060456816107035, -0.0037060456816107035, -0.0037060456816107035, -0.0037060456816107035, -0.0037060456816107035, -0.0037060456816107035, -0.0037060456816107035, -0.0037060456816107035, -0.0037060456816107035, -0.0037060456816107035, -0.0037060456816107035, -0.0037060456816107035, -0.0037060456816107035, -0.0037060456816107035, -0.0037060456816107035, -0.0037060456816107035, -0.0037060456816107035, -0.0037060456816107035, -0.0037060456816107035, -0.0037060456816107035, -0.0037060456816107035, -0.0037060456816107035, -0.0037060456816107035, -0.0037060456816107035, -0.0037060456816107035, -0.0037060456816107035, -0.0037060456816107035, -0.0037060456816107035, -0.0037060456816107035, -0.0037060456816107035, -0.0037060456816107035, -0.0037060456816107035, -0.0037060456816107035, -0.0037060456816107035, -0.0037060456816107035, -0.0037060456816107035, -0.0037060456816107035, -0.0037060456816107035, -0.0037060456816107035, -0.0037060456816107035, -0.0037060456816107035, -0.0037060456816107035, -0.0037060456816107035, -0.0037060456816107035, -0.0037060456816107035, -0.0037060456816107035, -0.0037060456816107035, -0.0037060456816107035, -0.0037060456816107035, -0.0037060456816107035, -0.0037060456816107035, -0.0037060456816107035, -0.0037060456816107035, -0.0037060456816107035, -0.0037060456816107035, -0.0037060456816107035, -0.0037060456816107035, -0.0037060456816107035, -0.0037060456816107035, -0.0037060456816107035, -0.0037060456816107035, -0.0037060456816107035, -0.0037060456816107035, -0.0037060456816107035, -0.0037060456816107035, -0.0037060456816107035, -0.0037060456816107035], "sdr0_sorted_real": [3.2051141262054443, 3.2051141262054443, 3.2051141262054443, 3.2051141262054443, 3.2051141262054443, 3.2051141262054443, 3.2051141262054443, 3.2051141262054443, 3.2051141262054443, 3.2051141262054443, 3.2051141262054443, 3.2051141262054443, 3.2051141262054443, 3.2051141262054443, 3.2051141262054443, 3.2051141262054443, 3.2051141262054443, 3.2051141262054443, 3.2051141262054443, 3.2051141262054443, 3.2051141262054443, 3.2051141262054443, 3.2051141262054443, 3.2051141262054443, 3.2051141262054443, 3.2051141262054443, 3.2051141262054443, 3.2051141262054443, 3.2051141262054443, 3.2051141262054443, 3.2051141262054443, 3.2051141262054443, 3.2051141262054443, 3.2051141262054443, 3.2051141262054443, 3.2051141262054443, 3.2051141262054443, 3.2051141262054443, 3.2051141262054443, 3.2051141262054443, 3.2051141262054443, 3.2051141262054443, 3.2051141262054443, 3.2051141262054443, 3.2051141262054443, 3.2051141262054443, 3.2051141262054443, 3.2051141262054443, 3.2051141262054443, 3.2051141262054443, 3.2051141262054443, 3.2051141262054443, 3.2051141262054443, 3.2051141262054443, 3.2051141262054443, 3.2051141262054443, 3.2051141262054443, 3.2051141262054443, 3.206256866455078, 3.206256866455078, 3.206256866455078, 3.206256866455078, 3.206256866455078, 3.206256866455078, 3.206256866455078, 3.206256866455078, 3.206256866455078, 3.206256866455078, 3.206256866455078, 3.206256866455078, 3.206256866455078, 3.206256866455078, 3.206256866455078, 3.206256866455078, 3.206256866455078, 3.206256866455078, 3.206256866455078, 3.206256866455078, 3.206256866455078, 3.206256866455078, 3.206256866455078, 3.206256866455078, 3.206256866455078, 3.206256866455078, 3.206256866455078, 3.206256866455078, 3.206256866455078, 3.206256866455078, 3.206256866455078, 3.206256866455078, 3.206256866455078, 3.206256866455078, 3.206256866455078, 3.206256866455078, 3.206256866455078, 3.206256866455078, 3.206256866455078, 3.206256866455078, 3.206256866455078, 3.206256866455078],