{"sdr0_real": [-1.8494247198104858, -1.8494247198104858, -1.8494247198104858, -1.8494247198104858, -1.8494247198104858, -1.8494247198104858, -1.8494247198104858, -1.8494247198104858, -1.8494247198104858, -1.8494247198104858, -1.8494247198104858, -1.8494247198104858, -1.8494247198104858, -1.8494247198104858, -1.8494247198104858, -1.8494247198104858, -1.8494247198104858, -1.8494247198104858, -1.8494247198104858, -1.8494247198104858, -1.8494247198104858, -1.8494247198104858, -1.8494247198104858, -1.8494247198104858, -1.8494247198104858, -1.8494247198104858, -1.8494247198104858, -1.8494247198104858, -1.8494247198104858, -1.8494247198104858, -1.8494247198104858, -1.8494247198104858, -1.8494247198104858, -1.8494247198104858, -1.8494247198104858, -1.8494247198104858, -1.8494247198104858, -1.8494247198104858, -1.8494247198104858, -1.8494247198104858, -1.8494247198104858, -1.8494247198104858, -1.8494247198104858, -1.8494247198104858, -1.8494247198104858, -1.8494247198104858, -1.8494247198104858, -1.8494247198104858, -1.8494247198104858, -1.8494247198104858, -1.8494247198104858, -1.8494247198104858, -1.8494247198104858, -1.8494247198104858, -1.8494247198104858, -1.8494247198104858, -1.8494247198104858, -1.8494247198104858, -1.8494247198104858, -1.8494247198104858, -1.8494247198104858, -1.8494247198104858, -1.8494247198104858, -1.8494247198104858, -1.8494247198104858, -1.8494247198104858, -1.8494247198104858, -1.8494247198104858, -1.8494247198104858, -1.8494247198104858, -1.8494247198104858, -1.8494247198104858, -1.8494247198104858, -1.8494247198104858, -1.8494247198104858, -1.8494247198104858, -1.8494247198104858, -1.8494247198104858, -1.8494247198104858, -1.8494247198104858, -1.8494247198104858, -1.8494247198104858, -1.8494247198104858, -1.8494247198104858, -1.8494247198104858, -1.8494247198104858, -1.8494247198104858, -1.8494247198104858, -1.8494247198104858, -1.8494247198104858, -1.8494247198104858, -1.8494247198104858, -1.8494247198104858, -1.8494247198104858, -1.8494247198104858, -1.8494247198104858, -1.8494247198104858, -1.8494247198104858, -1.8494247198104858, -1.8494247198104858], "sdr1_real": [2.5715134143829346, 2.5715134143829346, 2.5715134143829346, 2.5715134143829346, 2.5715134143829346, 2.5715134143829346, 2.5715134143829346, 2.5715134143829346, 2.5715134143829346, 2.5715134143829346, 2.5715134143829346, 2.5715134143829346, 2.5715134143829346, 2.5715134143829346, 2.5715134143829346, 2.5715134143829346, 2.5715134143829346, 2.5715134143829346, 2.5715134143829346, 2.5715134143829346, 2.5715134143829346, 2.5715134143829346, 2.5715134143829346, 2.5715134143829346, 2.5715134143829346, 2.5715134143829346, 2.5715134143829346, 2.5715134143829346, 2.5715134143829346, 2.5715134143829346, 2.5715134143829346, 2.5715134143829346, 2.5715134143829346, 2.5715134143829346, 2.5715134143829346, 2.5715134143829346, 2.5715134143829346, 2.5715134143829346, 2.5715134143829346, 2.5715134143829346, 2.5715134143829346, 2.5715134143829346, 2.5715134143829346, 2.5715134143829346, 2.5715134143829346, 2.5715134143829346, 2.5715134143829346, 2.5715134143829346, 2.5715134143829346, 2.5715134143829346, 2.5715134143829346, 2.5715134143829346, 2.5715134143829346, 2.5715134143829346, 2.5715134143829346, 2.5715134143829346, 2.5715134143829346, 2.5715134143829346, 2.5715134143829346, 2.5715134143829346, 2.5715134143829346, 2.5715134143829346, 2.5715134143829346, 2.5715134143829346, 2.5715134143829346, 2.5715134143829346, 2.5715134143829346, 2.5715134143829346, 2.5715134143829346, 2.5715134143829346, 2.5715134143829346, 2.5715134143829346, 2.5715134143829346, 2.5715134143829346, 2.5715134143829346, 2.5715134143829346, 2.5715134143829346, 2.5715134143829346, 2.5715134143829346, 2.5715134143829346, 2.5715134143829346, 2.5715134143829346, 2.5715134143829346, 2.5715134143829346, 2.5715134143829346, 2.5715134143829346, 2.5715134143829346, 2.5715134143829346, 2.5715134143829346, 2.5715134143829346, 2.5715134143829346, 2.5715134143829346, 2.5715134143829346, 2.5715134143829346, 2.5715134143829346, 2.5715134143829346, 2.5715134143829346, 2.5715134143829346, 2.5715134143829346, 2.5715134143829346], "sdr0_sorted_real": [-1.8494247198104858, -1.8494247198104858, -1.8494247198104858, -1.8494247198104858, -1.8494247198104858, -1.8494247198104858, -1.8494247198104858, -1.8494247198104858, -1.8494247198104858, -1.8494247198104858, -1.8494247198104858, -1.8494247198104858, -1.8494247198104858, -1.8494247198104858, -1.8494247198104858, -1.8494247198104858, -1.8494247198104858, -1.8494247198104858, -1.8494247198104858, -1.8494247198104858, -1.8494247198104858, -1.8494247198104858, -1.8494247198104858, -1.8494247198104858, -1.8494247198104858, -1.8494247198104858, -1.8494247198104858, -1.8494247198104858, -1.8494247198104858, -1.8494247198104858, -1.8494247198104858, -1.8494247198104858, -1.8494247198104858, -1.8494247198104858, -1.8494247198104858, -1.8494247198104858, -1.8494247198104858, -1.8494247198104858, -1.8494247198104858, -1.8494247198104858, -1.8494247198104858, -1.8494247198104858, -1.8494247198104858, -1.8494247198104858, -1.8494247198104858, -1.8494247198104858, -1.8494247198104858, -1.8494247198104858, -1.8494247198104858, -1.8494247198104858, -1.8494247198104858, -1.8494247198104858, -1.8494247198104858, -1.8494247198104858, -1.8494247198104858, -1.8494247198104858, -1.8494247198104858, -1.8494247198104858, -1.8494247198104858, -1.8494247198104858, -1.8494247198104858, -1.8494247198104858, -1.8494247198104858, -1.8494247198104858, -1.8494247198104858, -1.8494247198104858, -1.8494247198104858, -1.8494247198104858, -1.8494247198104858, -1.8494247198104858, -1.8494247198104858, -1.8494247198104858, -1.8494247198104858, -1.8494247198104858, -1.8494247198104858, -1.8494247198104858, -1.8494247198104858, -1.8494247198104858, -1.8494247198104858, -1.8494247198104858, -1.8494247198104858, -1.8494247198104858, -1.8494247198104858, -1.8494247198104858, -1.8494247198104858, -1.8494247198104858, -1.8494247198104858, -1.8494247198104858, -1.8494247198104858, -1.8494247198104858, -1.8494247198104858, -1.8494247198104858, -1.8494247198104858, -1.8494247198104858, -1.8494247198104858, -1.8494247198104858, -1.8494247198104858, -1.8494247198104858, -1.8494247198104858, -1.8494247198104858],