{"sdr0_real": [1.7334020137786865, 1.7334020137786865, 1.7334020137786865, 1.7334020137786865, 1.7334020137786865, 1.7334020137786865, 1.7334020137786865, 1.7334020137786865, 1.7334020137786865, 1.7334020137786865, 1.7334020137786865, 1.7334020137786865, 1.7334020137786865, 1.7334020137786865, 1.7334020137786865, 1.7334020137786865, 1.7334020137786865, 1.7334020137786865, 1.7334020137786865, 1.7334020137786865, 1.7334020137786865, 1.7334020137786865, 1.7334020137786865, 1.7334020137786865, 1.7334020137786865, 1.7334020137786865, 1.7334020137786865, 1.7334020137786865, 1.7334020137786865, 1.7334020137786865, 1.7334020137786865, 1.7334020137786865, 1.7334020137786865, 1.7334020137786865, 1.7334020137786865, 1.7334020137786865, 1.7334020137786865, 1.7334020137786865, 1.7334020137786865, 1.7334020137786865, 1.7334020137786865, 1.7334020137786865, 1.7334020137786865, 1.7334020137786865, 1.7334020137786865, 1.7334020137786865, 1.7334020137786865, 1.7334020137786865, 1.7334020137786865, 1.7334020137786865, 1.7334020137786865, 1.7334020137786865, 1.7334020137786865, 1.7334020137786865, 1.7334020137786865, 1.7334020137786865, 1.7334020137786865, 1.7334020137786865, 1.7334020137786865, 1.7334020137786865, 1.7334020137786865, 1.7334020137786865, 1.7334020137786865, 1.7334020137786865, 1.7334020137786865, 1.7334020137786865, 1.7334020137786865, 1.7334020137786865, 1.7334020137786865, 1.7334020137786865, 1.7334020137786865, 1.7334020137786865, 1.7334020137786865, 1.7334020137786865, 1.7334020137786865, 1.7334020137786865, 1.7334020137786865, 1.7334020137786865, 1.7334020137786865, 1.7334020137786865, 1.7334020137786865, 1.7334020137786865, 1.7334020137786865, 1.7334020137786865, 1.7334020137786865, 1.7334020137786865, 1.7334020137786865, 1.7334020137786865, 1.7334020137786865, 1.7334020137786865, 1.7334020137786865, 1.7334020137786865, 1.7334020137786865, 1.7334020137786865, 1.7334020137786865, 1.7334020137786865, 1.7334020137786865, 1.7334020137786865, 1.7334020137786865, 1.7334020137786865], "sdr1_real": [4.269845485687256, 4.269845485687256, 4.269845485687256, 4.269845485687256, 4.269845485687256, 4.269845485687256, 4.269845485687256, 4.269845485687256, 4.269845485687256, 4.269845485687256, 4.269845485687256, 4.269845485687256, 4.269845485687256, 4.269845485687256, 4.269845485687256, 4.269845485687256, 4.269845485687256, 4.269845485687256, 4.269845485687256, 4.269845485687256, 4.269845485687256, 4.269845485687256, 4.269845485687256, 4.269845485687256, 4.269845485687256, 4.269845485687256, 4.269845485687256, 4.269845485687256, 4.269845485687256, 4.269845485687256, 4.269845485687256, 4.269845485687256, 4.269845485687256, 4.269845485687256, 4.269845485687256, 4.269845485687256, 4.269845485687256, 4.269845485687256, 4.269845485687256, 4.269845485687256, 4.269845485687256, 4.269845485687256, 4.269845485687256, 4.269845485687256, 4.269845485687256, 4.269845485687256, 4.269845485687256, 4.269845485687256, 4.269845485687256, 4.269845485687256, 4.269845485687256, 4.269845485687256, 4.269845485687256, 4.269845485687256, 4.269845485687256, 4.269845485687256, 4.269845485687256, 4.269845485687256, 4.269845485687256, 4.269845485687256, 4.269845485687256, 4.269845485687256, 4.269845485687256, 4.269845485687256, 4.269845485687256, 4.269845485687256, 4.269845485687256, 4.269845485687256, 4.269845485687256, 4.269845485687256, 4.269845485687256, 4.269845485687256, 4.269845485687256, 4.269845485687256, 4.269845485687256, 4.269845485687256, 4.269845485687256, 4.269845485687256, 4.269845485687256, 4.269845485687256, 4.269845485687256, 4.269845485687256, 4.269845485687256, 4.269845485687256, 4.269845485687256, 4.269845485687256, 4.269845485687256, 4.269845485687256, 4.269845485687256, 4.269845485687256, 4.269845485687256, 4.269845485687256, 4.269845485687256, 4.269845485687256, 4.269845485687256, 4.269845485687256, 4.269845485687256, 4.269845485687256, 4.269845485687256, 4.269845485687256], "sdr0_sorted_real": [1.7334020137786865, 1.7334020137786865, 1.7334020137786865, 1.7334020137786865, 1.7334020137786865, 1.7334020137786865, 1.7334020137786865, 1.7334020137786865, 1.7334020137786865, 1.7334020137786865, 1.7334020137786865, 1.7334020137786865, 1.7334020137786865, 1.7334020137786865, 1.7334020137786865, 1.7334020137786865, 1.7334020137786865, 1.7334020137786865, 1.7334020137786865, 1.7334020137786865, 1.7334020137786865, 1.7334020137786865, 1.7334020137786865, 1.7334020137786865, 1.7334020137786865, 1.7334020137786865, 1.7334020137786865, 1.7334020137786865, 1.7334020137786865, 1.7334020137786865, 1.7334020137786865, 1.7334020137786865, 1.7334020137786865, 1.7334020137786865, 1.7334020137786865, 1.7334020137786865, 1.7334020137786865, 1.7334020137786865, 1.7334020137786865, 1.7334020137786865, 1.7334020137786865, 1.7334020137786865, 1.7334020137786865, 1.7334020137786865, 1.7334020137786865, 1.7334020137786865, 1.7334020137786865, 1.7334020137786865, 1.7334020137786865, 1.7334020137786865, 1.7334020137786865, 1.7334020137786865, 1.7334020137786865, 1.7334020137786865, 1.7334020137786865, 1.7334020137786865, 1.7334020137786865, 1.7334020137786865, 1.7334020137786865, 1.7334020137786865, 1.7334020137786865, 1.7334020137786865, 1.7334020137786865, 1.7334020137786865, 1.7334020137786865, 1.7334020137786865, 1.7334020137786865, 1.7334020137786865, 1.7334020137786865, 1.7334020137786865, 1.7334020137786865, 1.7334020137786865, 1.7334020137786865, 1.7334020137786865, 1.7334020137786865, 1.7334020137786865, 1.7334020137786865, 1.7334020137786865, 1.7334020137786865, 1.7334020137786865, 1.7334020137786865, 1.7334020137786865, 1.7334020137786865, 1.7334020137786865, 1.7334020137786865, 1.7334020137786865, 1.7334020137786865, 1.7334020137786865, 1.7334020137786865, 1.7334020137786865, 1.7334020137786865, 1.7334020137786865, 1.7334020137786865, 1.7334020137786865, 1.7334020137786865, 1.7334020137786865, 1.7334020137786865, 1.7334020137786865, 1.7334020137786865, 1.7334020137786865], "sdr1_sorted_real": [4.269845485687256, 4.269845485687256, 4.269845485687256, 4.269845485687256, 4.269845485687256, 4.269845485687256, 4.269845485687256, 4.269845485687256, 4.269845485687256, 4.269845485687256, 4.269845485687256, 4.269845485687256, 4.269845485687256, 4.269845485687256, 4.269845485687256, 4.269845485687256, 4.269845485687256, 4.269845485687256, 4.269845485687256, 4.269845485687256, 4.269845485687256, 4.269845485687256, 4.269845485687256, 4.269845485687256, 4.269845485687256, 4.269845485687256, 4.269845485687256, 4.269845485687256, 4.269845485687256, 4.269845485687256, 4.269845485687256, 4.269845485687256, 4.269845485687256, 4.269845485687256, 4.269845485687256, 4.269845485687256, 4.269845485687256, 4.269845485687256, 4.269845485687256, 4.269845485687256, 4.269845485687256, 4.269845485687256, 4.269845485687256, 4.269845485687256, 4.269845485687256, 4.269845485687256, 4.269845485687256, 4.269845485687256, 4.269845485687256, 4.269845485687256, 4.269845485687256, 4.269845485687256, 4.269845485687256, 4.269845485687256, 4.269845485687256, 4.269845485687256, 4.269845485687256, 4.269845485687256, 4.269845485687256, 4.269845485687256, 4.269845485687256, 4.269845485687256, 4.269845485687256, 4.269845485687256, 4.269845485687256, 4.269845485687256, 4.269845485687256, 4.269845485687256, 4.269845485687256, 4.269845485687256, 4.269845485687256, 4.269845485687256, 4.269845485687256, 4.269845485687256, 4.269845485687256, 4.269845485687256, 4.269845485687256, 4.269845485687256, 4.269845485687256, 4.269845485687256, 4.269845485687256, 4.269845485687256, 4.269845485687256, 4.269845485687256, 4.269845485687256, 4.269845485687256, 4.269845485687256, 4.269845485687256, 4.269845485687256, 4.269845485687256, 4.269845485687256, 4.269845485687256, 4.269845485687256, 4.269845485687256, 4.269845485687256, 4.269845485687256, 4.269845485687256, 4.269845485687256, 4.269845485687256, 4.269845485687256]}