{"sdr0_real": [5.089034080505371, 5.089035511016846, 5.089035511016846, 5.089034080505371, 5.089035511016846, 5.089035511016846, 5.089035511016846, 5.089035511016846, 5.089035511016846, 5.087829113006592, 5.089035511016846, 5.089035511016846, 5.089034080505371, 5.087829113006592, 5.089035511016846, 5.089034080505371, 5.089034080505371, 5.087829113006592, 5.089035511016846, 5.089035511016846, 5.089035511016846, 5.089035511016846, 5.089035511016846, 5.089035511016846, 5.089035511016846, 5.089035511016846, 5.089035511016846, 5.089035511016846, 5.089035511016846, 5.089035511016846, 5.087829113006592, 5.089035511016846, 5.089035511016846, 5.089035511016846, 5.089035511016846, 5.089035511016846, 5.089035511016846, 5.089034080505371, 5.089034080505371, 5.089034080505371, 5.087829113006592, 5.089035511016846, 5.089035511016846, 5.087829113006592, 5.089035511016846, 5.089035511016846, 5.089035511016846, 5.089035511016846, 5.089035511016846, 5.089034080505371, 5.087829113006592, 5.089035511016846, 5.089035511016846, 5.089035511016846, 5.087829113006592, 5.089035511016846, 5.089035511016846, 5.089035511016846, 5.089035511016846, 5.089035511016846, 5.087829113006592, 5.089035511016846, 5.089035511016846, 5.089035511016846, 5.089035511016846, 5.089035511016846, 5.089035511016846, 5.089035511016846, 5.089035511016846, 5.089035511016846, 5.089035511016846, 5.089035511016846, 5.087829113006592, 5.087829113006592, 5.089035511016846, 5.087829113006592, 5.087829113006592, 5.087829113006592, 5.089035511016846, 5.089035511016846, 5.087829113006592, 5.087829113006592, 5.089035511016846, 5.089035511016846, 5.087829113006592, 5.089035511016846, 5.089035511016846, 5.089035511016846, 5.089035511016846, 5.087829113006592, 5.089035511016846, 5.089035511016846, 5.087829113006592, 5.089035511016846, 5.089035511016846, 5.089035511016846, 5.089035511016846, 5.089035511016846, 5.089035511016846, 5.089035511016846], "sdr1_real": [-0.008536023087799549, -0.008536023087799549, -0.008536023087799549, -0.008536023087799549, -0.008536023087799549, -0.008536023087799549, -0.008536023087799549, -0.008536023087799549, -0.008536023087799549, -0.008536023087799549, -0.008536023087799549, -0.008536023087799549, -0.008536023087799549, -0.008536023087799549, -0.008536023087799549, -0.008536023087799549, -0.008536023087799549, -0.008536023087799549, -0.008536023087799549, -0.008536023087799549, -0.008536023087799549, -0.008536023087799549, -0.008536023087799549, -0.008536023087799549, -0.008536023087799549, -0.008536023087799549, -0.008536023087799549, -0.008536023087799549, -0.008536023087799549, -0.008536023087799549, -0.008536023087799549, -0.008536023087799549, -0.008536023087799549, -0.008536023087799549, -0.008536023087799549, -0.008536023087799549, -0.008536023087799549, -0.008536023087799549, -0.008536023087799549, -0.008536023087799549, -0.008536023087799549, -0.008536023087799549, -0.008536023087799549, -0.008536023087799549, -0.008536023087799549, -0.008536023087799549, -0.008536023087799549, -0.008536023087799549, -0.008536023087799549, -0.008536023087799549, -0.008536023087799549, -0.008536023087799549, -0.008536023087799549, -0.008536023087799549, -0.008536023087799549, -0.008536023087799549, -0.008536023087799549, -0.008536023087799549, -0.008536023087799549, -0.008536023087799549, -0.008536023087799549, -0.008536023087799549, -0.008536023087799549, -0.008536023087799549, -0.008536023087799549, -0.008536023087799549, -0.008536023087799549, -0.008536023087799549, -0.008536023087799549, -0.008536023087799549, -0.008536023087799549, -0.008536023087799549, -0.008536023087799549, -0.008536023087799549, -0.008536023087799549, -0.008536023087799549, -0.008536023087799549, -0.008536023087799549, -0.008536023087799549, -0.008536023087799549, -0.008536023087799549, -0.008536023087799549, -0.008536023087799549, -0.008536023087799549, -0.008536023087799549, -0.008536023087799549, -0.008536023087799549, -0.008536023087799549, -0.008536023087799549, -0.008536023087799549, -0.008536023087799549, -0.008536023087799549, -0.008536023087799549, -0.008536023087799549, -0.008536023087799549, -0.008536023087799549, -0.008536023087799549, -0.008536023087799549, -0.008536023087799549, -0.008536023087799549], "sdr0_sorted_real": [5.087829113006592, 5.087829113006592, 5.087829113006592, 5.087829113006592, 5.087829113006592, 5.087829113006592, 5.087829113006592, 5.087829113006592, 5.087829113006592, 5.087829113006592, 5.087829113006592, 5.087829113006592, 5.087829113006592, 5.087829113006592, 5.087829113006592, 5.087829113006592, 5.087829113006592, 5.087829113006592, 5.087829113006592, 5.089034080505371, 5.089034080505371, 5.089034080505371, 5.089034080505371, 5.089034080505371, 5.089034080505371, 5.089034080505371, 5.089034080505371, 5.089034080505371, 5.089035511016846, 5.089035511016846, 5.089035511016846, 5.089035511016846, 5.089035511016846, 5.089035511016846, 5.089035511016846, 5.089035511016846, 5.089035511016846, 5.089035511016846, 5.089035511016846, 5.089035511016846, 5.089035511016846, 5.089035511016846, 5.089035511016846, 5.089035511016846, 5.089035511016846, 5.089035511016846, 5.089035511016846, 5.089035511016846, 5.089035511016846, 5.089035511016846, 5.089035511016846, 5.089035511016846, 5.089035511016846, 5.089035511016846, 5.089035511016846, 5.089035511016846, 5.089035511016846, 5.089035511016846, 5.089035511016846, 5.089035511016846, 5.089035511016846, 5.089035511016846, 5.089035511016846, 5.089035511016846, 5.089035511016846, 5.089035511016846, 5.089035511016846, 5.089035511016846, 5.089035511016846, 5.089035511016846, 5.089035511016846, 5.089035511016846, 5.089035511016846, 5.089035511016846, 5.089035511016846, 5.089035511016846, 5.089035511016846, 5.089035511016846, 5.089035511016846, 5.089035511016846, 5.089035511016846, 5.089035511016846, 5.089035511016846, 5.089035511016846, 5.089035511016846, 5.089035511016846, 5.089035511016846, 5.089035511016846, 5.089035511016846, 5.089035511016846, 5.089035511016846, 5.089035511016846, 5.089035511016846, 5.089035511016846, 5.089035511016846, 5.089035511016846, 5.089035511016846, 5.089035511016846, 5.089035511016846, 5.089035511016846],