{"sdr0_real": [3.2329015731811523, 3.2329015731811523, 3.2329015731811523, 3.2329015731811523, 3.2329015731811523, 3.2329015731811523, 3.2329015731811523, 3.2329015731811523, 3.2329015731811523, 3.2329015731811523, 3.2329015731811523, 3.2329015731811523, 3.2329015731811523, 3.2329015731811523, 3.2329015731811523, 3.2329015731811523, 3.2329015731811523, 3.2329015731811523, 3.2329015731811523, 3.2329015731811523, 3.2329015731811523, 3.2329015731811523, 3.2329015731811523, 3.2329015731811523, 3.2329015731811523, 3.2329015731811523, 3.2329015731811523, 3.2329015731811523, 3.2329015731811523, 3.2329015731811523, 3.2329015731811523, 3.2329015731811523, 3.2329015731811523, 3.2329015731811523, 3.2329015731811523, 3.2329015731811523, 3.2329015731811523, 3.2329015731811523, 3.2329015731811523, 3.2329015731811523, 3.2329015731811523, 3.2329015731811523, 3.2329015731811523, 3.2329015731811523, 3.2329015731811523, 3.2329015731811523, 3.2329015731811523, 3.2329015731811523, 3.2329015731811523, 3.2329015731811523, 3.2329015731811523, 3.2329015731811523, 3.2329015731811523, 3.2329015731811523, 3.2329015731811523, 3.2329015731811523, 3.2329015731811523, 3.2329015731811523, 3.2329015731811523, 3.2329015731811523, 3.2329015731811523, 3.2329015731811523, 3.2329015731811523, 3.2329015731811523, 3.2329015731811523, 3.2329015731811523, 3.2329015731811523, 3.2329015731811523, 3.2329015731811523, 3.2329015731811523, 3.2329015731811523, 3.2329015731811523, 3.2329015731811523, 3.2329015731811523, 3.2329015731811523, 3.2329015731811523, 3.2329015731811523, 3.2329015731811523, 3.2329015731811523, 3.2329015731811523, 3.2329015731811523, 3.2329015731811523, 3.2329015731811523, 3.2329015731811523, 3.2329015731811523, 3.2329015731811523, 3.2329015731811523, 3.2329015731811523, 3.2329015731811523, 3.2329015731811523, 3.2329015731811523, 3.2329015731811523, 3.2329015731811523, 3.2329015731811523, 3.2329015731811523, 3.2329015731811523, 3.2329015731811523, 3.2329015731811523, 3.2329015731811523, 3.2329015731811523], "sdr1_real": [-0.006759485229849815, -0.006759485229849815, -0.006759485229849815, -0.006759485229849815, -0.006759485229849815, -0.006759485229849815, -0.006759485229849815, -0.006759485229849815, -0.006759485229849815, -0.006759485229849815, -0.006759485229849815, -0.006759485229849815, -0.006759485229849815, -0.006759485229849815, -0.006759485229849815, -0.006759485229849815, -0.006759485229849815, -0.006759485229849815, -0.006759485229849815, -0.006759485229849815, -0.006759485229849815, -0.006759485229849815, -0.006759485229849815, -0.006759485229849815, -0.006759485229849815, -0.006759485229849815, -0.006759485229849815, -0.006759485229849815, -0.006759485229849815, -0.006759485229849815, -0.006759485229849815, -0.006759485229849815, -0.006759485229849815, -0.006759485229849815, -0.006759485229849815, -0.006759485229849815, -0.006759485229849815, -0.006759485229849815, -0.006759485229849815, -0.006759485229849815, -0.006759485229849815, -0.006759485229849815, -0.006759485229849815, -0.006759485229849815, -0.006759485229849815, -0.006759485229849815, -0.006759485229849815, -0.006759485229849815, -0.006759485229849815, -0.006759485229849815, -0.006759485229849815, -0.006759485229849815, -0.006759485229849815, -0.006759485229849815, -0.006759485229849815, -0.006759485229849815, -0.006759485229849815, -0.006759485229849815, -0.006759485229849815, -0.006759485229849815, -0.006759485229849815, -0.006759485229849815, -0.006759485229849815, -0.006759485229849815, -0.006759485229849815, -0.006759485229849815, -0.006759485229849815, -0.006759485229849815, -0.006759485229849815, -0.006759485229849815, -0.006759485229849815, -0.006759485229849815, -0.006759485229849815, -0.006759485229849815, -0.006759485229849815, -0.006759485229849815, -0.006759485229849815, -0.006759485229849815, -0.006759485229849815, -0.006759485229849815, -0.006759485229849815, -0.006759485229849815, -0.006759485229849815, -0.006759485229849815, -0.006759485229849815, -0.006759485229849815, -0.006759485229849815, -0.006759485229849815, -0.006759485229849815, -0.006759485229849815, -0.006759485229849815, -0.006759485229849815, -0.006759485229849815, -0.006759485229849815, -0.006759485229849815, -0.006759485229849815, -0.006759485229849815, -0.006759485229849815, -0.006759485229849815, -0.006759485229849815], "sdr0_sorted_real": [3.2329015731811523, 3.2329015731811523, 3.2329015731811523, 3.2329015731811523, 3.2329015731811523, 3.2329015731811523, 3.2329015731811523, 3.2329015731811523, 3.2329015731811523, 3.2329015731811523, 3.2329015731811523, 3.2329015731811523, 3.2329015731811523, 3.2329015731811523, 3.2329015731811523, 3.2329015731811523, 3.2329015731811523, 3.2329015731811523, 3.2329015731811523, 3.2329015731811523, 3.2329015731811523, 3.2329015731811523, 3.2329015731811523, 3.2329015731811523, 3.2329015731811523, 3.2329015731811523, 3.2329015731811523, 3.2329015731811523, 3.2329015731811523, 3.2329015731811523, 3.2329015731811523, 3.2329015731811523, 3.2329015731811523, 3.2329015731811523, 3.2329015731811523, 3.2329015731811523, 3.2329015731811523, 3.2329015731811523, 3.2329015731811523, 3.2329015731811523, 3.2329015731811523, 3.2329015731811523, 3.2329015731811523, 3.2329015731811523, 3.2329015731811523, 3.2329015731811523, 3.2329015731811523, 3.2329015731811523, 3.2329015731811523, 3.2329015731811523, 3.2329015731811523, 3.2329015731811523, 3.2329015731811523, 3.2329015731811523, 3.2329015731811523, 3.2329015731811523, 3.2329015731811523, 3.2329015731811523, 3.2329015731811523, 3.2329015731811523, 3.2329015731811523, 3.2329015731811523, 3.2329015731811523, 3.2329015731811523, 3.2329015731811523, 3.2329015731811523, 3.2329015731811523, 3.2329015731811523, 3.2329015731811523, 3.2329015731811523, 3.2329015731811523, 3.2329015731811523, 3.2329015731811523, 3.2329015731811523, 3.2329015731811523, 3.2329015731811523, 3.2329015731811523, 3.2329015731811523, 3.2329015731811523, 3.2329015731811523, 3.2329015731811523, 3.2329015731811523, 3.2329015731811523, 3.2329015731811523, 3.2329015731811523, 3.2329015731811523, 3.2329015731811523, 3.2329015731811523, 3.2329015731811523, 3.2329015731811523, 3.2329015731811523, 3.2329015731811523, 3.2329015731811523, 3.2329015731811523, 3.2329015731811523, 3.2329015731811523, 3.2329015731811523, 3.2329015731811523, 3.2329015731811523, 3.2329015731811523],