{"sdr0_real": [2.8496243953704834, 2.8496243953704834, 2.8496243953704834, 2.8496243953704834, 2.8496243953704834, 2.8496243953704834, 2.8496243953704834, 2.8496243953704834, 2.8496243953704834, 2.8496243953704834, 2.8496243953704834, 2.8496243953704834, 2.8496243953704834, 2.8496243953704834, 2.8496243953704834, 2.8496243953704834, 2.8496243953704834, 2.8496243953704834, 2.8496243953704834, 2.8496243953704834, 2.8496243953704834, 2.8496243953704834, 2.8496243953704834, 2.8496243953704834, 2.8496243953704834, 2.8496243953704834, 2.8496243953704834, 2.8496243953704834, 2.8496243953704834, 2.8496243953704834, 2.8496243953704834, 2.8496243953704834, 2.8496243953704834, 2.8496243953704834, 2.8496243953704834, 2.8496243953704834, 2.8496243953704834, 2.8496243953704834, 2.8496243953704834, 2.8496243953704834, 2.8496243953704834, 2.8496243953704834, 2.8496243953704834, 2.8496243953704834, 2.8496243953704834, 2.8496243953704834, 2.8496243953704834, 2.8496243953704834, 2.8496243953704834, 2.8496243953704834, 2.8496243953704834, 2.8496243953704834, 2.8496243953704834, 2.8496243953704834, 2.8496243953704834, 2.8496243953704834, 2.8496243953704834, 2.8496243953704834, 2.8496243953704834, 2.8496243953704834, 2.8496243953704834, 2.8496243953704834, 2.8496243953704834, 2.8496243953704834, 2.8496243953704834, 2.8496243953704834, 2.8496243953704834, 2.8496243953704834, 2.8496243953704834, 2.8496243953704834, 2.8496243953704834, 2.8496243953704834, 2.8496243953704834, 2.8496243953704834, 2.8496243953704834, 2.8496243953704834, 2.8496243953704834, 2.8496243953704834, 2.8496243953704834, 2.8496243953704834, 2.8496243953704834, 2.8496243953704834, 2.8496243953704834, 2.8496243953704834, 2.8496243953704834, 2.8496243953704834, 2.8496243953704834, 2.8496243953704834, 2.8496243953704834, 2.8496243953704834, 2.8496243953704834, 2.8496243953704834, 2.8496243953704834, 2.8496243953704834, 2.8496243953704834, 2.8496243953704834, 2.8496243953704834, 2.8496243953704834, 2.8496243953704834, 2.8496243953704834], "sdr1_real": [-0.16394399106502533, -0.16394399106502533, -0.16394399106502533, -0.16394399106502533, -0.16394399106502533, -0.16394399106502533, -0.16394399106502533, -0.16394399106502533, -0.16394399106502533, -0.16394399106502533, -0.16394399106502533, -0.16394399106502533, -0.16394399106502533, -0.16394399106502533, -0.16394399106502533, -0.16394399106502533, -0.16394399106502533, -0.16394399106502533, -0.16394399106502533, -0.16394399106502533, -0.16394399106502533, -0.16394399106502533, -0.16394399106502533, -0.16394399106502533, -0.16394399106502533, -0.16394399106502533, -0.16394399106502533, -0.16394399106502533, -0.16394399106502533, -0.16394399106502533, -0.16394399106502533, -0.16394399106502533, -0.16394399106502533, -0.16394399106502533, -0.16394399106502533, -0.16394399106502533, -0.16394399106502533, -0.16394399106502533, -0.16394399106502533, -0.16394399106502533, -0.16394399106502533, -0.16394399106502533, -0.16394399106502533, -0.16394399106502533, -0.16394399106502533, -0.16394399106502533, -0.16394399106502533, -0.16394399106502533, -0.16394399106502533, -0.16394399106502533, -0.16394399106502533, -0.16394399106502533, -0.16394399106502533, -0.16394399106502533, -0.16394399106502533, -0.16394399106502533, -0.16394399106502533, -0.16394399106502533, -0.16394399106502533, -0.16394399106502533, -0.16394399106502533, -0.16394399106502533, -0.16394399106502533, -0.16394399106502533, -0.16394399106502533, -0.16394399106502533, -0.16394399106502533, -0.16394399106502533, -0.16394399106502533, -0.16394399106502533, -0.16394399106502533, -0.16394399106502533, -0.16394399106502533, -0.16394399106502533, -0.16394399106502533, -0.16394399106502533, -0.16394399106502533, -0.16394399106502533, -0.16394399106502533, -0.16394399106502533, -0.16394399106502533, -0.16394399106502533, -0.16394399106502533, -0.16394399106502533, -0.16394399106502533, -0.16394399106502533, -0.16394399106502533, -0.16394399106502533, -0.16394399106502533, -0.16394399106502533, -0.16394399106502533, -0.16394399106502533, -0.16394399106502533, -0.16394399106502533, -0.16394399106502533, -0.16394399106502533, -0.16394399106502533, -0.16394399106502533, -0.16394399106502533, -0.16394399106502533], "sdr0_sorted_real": [2.8496243953704834, 2.8496243953704834, 2.8496243953704834, 2.8496243953704834, 2.8496243953704834, 2.8496243953704834, 2.8496243953704834, 2.8496243953704834, 2.8496243953704834, 2.8496243953704834, 2.8496243953704834, 2.8496243953704834, 2.8496243953704834, 2.8496243953704834, 2.8496243953704834, 2.8496243953704834, 2.8496243953704834, 2.8496243953704834, 2.8496243953704834, 2.8496243953704834, 2.8496243953704834, 2.8496243953704834, 2.8496243953704834, 2.8496243953704834, 2.8496243953704834, 2.8496243953704834, 2.8496243953704834, 2.8496243953704834, 2.8496243953704834, 2.8496243953704834, 2.8496243953704834, 2.8496243953704834, 2.8496243953704834, 2.8496243953704834, 2.8496243953704834, 2.8496243953704834, 2.8496243953704834, 2.8496243953704834, 2.8496243953704834, 2.8496243953704834, 2.8496243953704834, 2.8496243953704834, 2.8496243953704834, 2.8496243953704834, 2.8496243953704834, 2.8496243953704834, 2.8496243953704834, 2.8496243953704834, 2.8496243953704834, 2.8496243953704834, 2.8496243953704834, 2.8496243953704834, 2.8496243953704834, 2.8496243953704834, 2.8496243953704834, 2.8496243953704834, 2.8496243953704834, 2.8496243953704834, 2.8496243953704834, 2.8496243953704834, 2.8496243953704834, 2.8496243953704834, 2.8496243953704834, 2.8496243953704834, 2.8496243953704834, 2.8496243953704834, 2.8496243953704834, 2.8496243953704834, 2.8496243953704834, 2.8496243953704834, 2.8496243953704834, 2.8496243953704834, 2.8496243953704834, 2.8496243953704834, 2.8496243953704834, 2.8496243953704834, 2.8496243953704834, 2.8496243953704834, 2.8496243953704834, 2.8496243953704834, 2.8496243953704834, 2.8496243953704834, 2.8496243953704834, 2.8496243953704834, 2.8496243953704834, 2.8496243953704834, 2.8496243953704834, 2.8496243953704834, 2.8496243953704834, 2.8496243953704834, 2.8496243953704834, 2.8496243953704834, 2.8496243953704834, 2.8496243953704834, 2.8496243953704834, 2.8496243953704834, 2.8496243953704834, 2.8496243953704834, 2.8496243953704834, 2.8496243953704834],