{"sdr0_real": [2.8644611835479736, 2.8644611835479736, 2.8644611835479736, 2.8644611835479736, 2.8644611835479736, 2.8644611835479736, 2.8644611835479736, 2.8644611835479736, 2.8644611835479736, 2.8644611835479736, 2.8644611835479736, 2.8644611835479736, 2.8644611835479736, 2.8644611835479736, 2.8644611835479736, 2.8644611835479736, 2.8644611835479736, 2.8644611835479736, 2.8644611835479736, 2.8644611835479736, 2.8644611835479736, 2.8644611835479736, 2.8644611835479736, 2.8644611835479736, 2.8644611835479736, 2.8644611835479736, 2.8644611835479736, 2.8644611835479736, 2.8644611835479736, 2.8644611835479736, 2.8644611835479736, 2.8644611835479736, 2.8644611835479736, 2.8644611835479736, 2.8644611835479736, 2.8644611835479736, 2.8644611835479736, 2.8644611835479736, 2.8644611835479736, 2.8644611835479736, 2.8644611835479736, 2.8644611835479736, 2.8644611835479736, 2.8644611835479736, 2.8644611835479736, 2.8644611835479736, 2.8644611835479736, 2.8644611835479736, 2.8644611835479736, 2.8644611835479736, 2.8644611835479736, 2.8644611835479736, 2.8644611835479736, 2.8644611835479736, 2.8644611835479736, 2.8644611835479736, 2.8644611835479736, 2.8644611835479736, 2.8644611835479736, 2.8644611835479736, 2.8644611835479736, 2.8644611835479736, 2.8644611835479736, 2.8644611835479736, 2.8644611835479736, 2.8644611835479736, 2.8644611835479736, 2.8644611835479736, 2.8644611835479736, 2.8644611835479736, 2.8644611835479736, 2.8644611835479736, 2.8644611835479736, 2.8644611835479736, 2.8644611835479736, 2.8644611835479736, 2.8644611835479736, 2.8644611835479736, 2.8644611835479736, 2.8644611835479736, 2.8644611835479736, 2.8644611835479736, 2.8644611835479736, 2.8644611835479736, 2.8644611835479736, 2.8644611835479736, 2.8644611835479736, 2.8644611835479736, 2.8644611835479736, 2.8644611835479736, 2.8644611835479736, 2.8644611835479736, 2.8644611835479736, 2.8644611835479736, 2.8644611835479736, 2.8644611835479736, 2.8644611835479736, 2.8644611835479736, 2.8644611835479736, 2.8644611835479736], "sdr1_real": [0.015554902143776417, 0.015554902143776417, 0.015554902143776417, 0.015554902143776417, 0.015554902143776417, 0.015554902143776417, 0.015554902143776417, 0.015554902143776417, 0.015554902143776417, 0.015554902143776417, 0.015554902143776417, 0.015554902143776417, 0.015554902143776417, 0.015554902143776417, 0.015554902143776417, 0.015554902143776417, 0.015554902143776417, 0.015554902143776417, 0.015554902143776417, 0.015554902143776417, 0.015554902143776417, 0.015554902143776417, 0.015554902143776417, 0.015554902143776417, 0.015554902143776417, 0.015554902143776417, 0.015554902143776417, 0.015554902143776417, 0.015554902143776417, 0.015554902143776417, 0.015554902143776417, 0.015554902143776417, 0.015554902143776417, 0.015554902143776417, 0.015554902143776417, 0.015554902143776417, 0.015554902143776417, 0.015554902143776417, 0.015554902143776417, 0.015554902143776417, 0.015554902143776417, 0.015554902143776417, 0.015554902143776417, 0.015554902143776417, 0.015554902143776417, 0.015554902143776417, 0.015554902143776417, 0.015554902143776417, 0.015554902143776417, 0.015554902143776417, 0.015554902143776417, 0.015554902143776417, 0.015554902143776417, 0.015554902143776417, 0.015554902143776417, 0.015554902143776417, 0.015554902143776417, 0.015554902143776417, 0.015554902143776417, 0.015554902143776417, 0.015554902143776417, 0.015554902143776417, 0.015554902143776417, 0.015554902143776417, 0.015554902143776417, 0.015554902143776417, 0.015554902143776417, 0.015554902143776417, 0.015554902143776417, 0.015554902143776417, 0.015554902143776417, 0.015554902143776417, 0.015554902143776417, 0.015554902143776417, 0.015554902143776417, 0.015554902143776417, 0.015554902143776417, 0.015554902143776417, 0.015554902143776417, 0.015554902143776417, 0.015554902143776417, 0.015554902143776417, 0.015554902143776417, 0.015554902143776417, 0.015554902143776417, 0.015554902143776417, 0.015554902143776417, 0.015554902143776417, 0.015554902143776417, 0.015554902143776417, 0.015554902143776417, 0.015554902143776417, 0.015554902143776417, 0.015554902143776417, 0.015554902143776417, 0.015554902143776417, 0.015554902143776417, 0.015554902143776417, 0.015554902143776417, 0.015554902143776417], "sdr0_sorted_real": [2.8644611835479736, 2.8644611835479736, 2.8644611835479736, 2.8644611835479736, 2.8644611835479736, 2.8644611835479736, 2.8644611835479736, 2.8644611835479736, 2.8644611835479736, 2.8644611835479736, 2.8644611835479736, 2.8644611835479736, 2.8644611835479736, 2.8644611835479736, 2.8644611835479736, 2.8644611835479736, 2.8644611835479736, 2.8644611835479736, 2.8644611835479736, 2.8644611835479736, 2.8644611835479736, 2.8644611835479736, 2.8644611835479736, 2.8644611835479736, 2.8644611835479736, 2.8644611835479736, 2.8644611835479736, 2.8644611835479736, 2.8644611835479736, 2.8644611835479736, 2.8644611835479736, 2.8644611835479736, 2.8644611835479736, 2.8644611835479736, 2.8644611835479736, 2.8644611835479736, 2.8644611835479736, 2.8644611835479736, 2.8644611835479736, 2.8644611835479736, 2.8644611835479736, 2.8644611835479736, 2.8644611835479736, 2.8644611835479736, 2.8644611835479736, 2.8644611835479736, 2.8644611835479736, 2.8644611835479736, 2.8644611835479736, 2.8644611835479736, 2.8644611835479736, 2.8644611835479736, 2.8644611835479736, 2.8644611835479736, 2.8644611835479736, 2.8644611835479736, 2.8644611835479736, 2.8644611835479736, 2.8644611835479736, 2.8644611835479736, 2.8644611835479736, 2.8644611835479736, 2.8644611835479736, 2.8644611835479736, 2.8644611835479736, 2.8644611835479736, 2.8644611835479736, 2.8644611835479736, 2.8644611835479736, 2.8644611835479736, 2.8644611835479736, 2.8644611835479736, 2.8644611835479736, 2.8644611835479736, 2.8644611835479736, 2.8644611835479736, 2.8644611835479736, 2.8644611835479736, 2.8644611835479736, 2.8644611835479736, 2.8644611835479736, 2.8644611835479736, 2.8644611835479736, 2.8644611835479736, 2.8644611835479736, 2.8644611835479736, 2.8644611835479736, 2.8644611835479736, 2.8644611835479736, 2.8644611835479736, 2.8644611835479736, 2.8644611835479736, 2.8644611835479736, 2.8644611835479736, 2.8644611835479736, 2.8644611835479736, 2.8644611835479736, 2.8644611835479736, 2.8644611835479736, 2.8644611835479736],