{"sdr0_real": [0.30967476963996887, 0.30967476963996887, 0.30967476963996887, 0.30967476963996887, 0.30967476963996887, 0.30967476963996887, 0.30967476963996887, 0.30967476963996887, 0.30967476963996887, 0.30967476963996887, 0.30967476963996887, 0.30967476963996887, 0.30967476963996887, 0.30967476963996887, 0.30967476963996887, 0.30967476963996887, 0.30967476963996887, 0.30967476963996887, 0.30967476963996887, 0.30967476963996887, 0.30967476963996887, 0.30967476963996887, 0.30967476963996887, 0.30967476963996887, 0.30967476963996887, 0.30967476963996887, 0.30967476963996887, 0.30967476963996887, 0.30967476963996887, 0.30967476963996887, 0.30967476963996887, 0.30967476963996887, 0.30967476963996887, 0.30967476963996887, 0.30967476963996887, 0.30967476963996887, 0.30967476963996887, 0.30967476963996887, 0.30967476963996887, 0.30967476963996887, 0.30967476963996887, 0.30967476963996887, 0.30967476963996887, 0.30967476963996887, 0.30967476963996887, 0.30967476963996887, 0.30967476963996887, 0.30967476963996887, 0.30967476963996887, 0.30967476963996887, 0.30967476963996887, 0.30967476963996887, 0.30967476963996887, 0.30967476963996887, 0.30967476963996887, 0.30967476963996887, 0.30967476963996887, 0.30967476963996887, 0.30967476963996887, 0.30967476963996887, 0.30967476963996887, 0.30967476963996887, 0.30967476963996887, 0.30967476963996887, 0.30967476963996887, 0.30967476963996887, 0.30967476963996887, 0.30967476963996887, 0.30967476963996887, 0.30967476963996887, 0.30967476963996887, 0.30967476963996887, 0.30967476963996887, 0.30967476963996887, 0.30967476963996887, 0.30967476963996887, 0.30967476963996887, 0.30967476963996887, 0.30967476963996887, 0.30967476963996887, 0.30967476963996887, 0.30967476963996887, 0.30967476963996887, 0.30967476963996887, 0.30967476963996887, 0.30967476963996887, 0.30967476963996887, 0.30967476963996887, 0.30967476963996887, 0.30967476963996887, 0.30967476963996887, 0.30967476963996887, 0.30967476963996887, 0.30967476963996887, 0.30967476963996887, 0.30967476963996887, 0.30967476963996887, 0.30967476963996887, 0.30967476963996887, 0.30967476963996887], "sdr1_real": [3.1523311138153076, 3.1523311138153076, 3.1523311138153076, 3.1523311138153076, 3.1523311138153076, 3.1523311138153076, 3.1523311138153076, 3.1523311138153076, 3.1523311138153076, 3.1523311138153076, 3.1523311138153076, 3.1523311138153076, 3.1523311138153076, 3.1523311138153076, 3.1523311138153076, 3.1523311138153076, 3.1523311138153076, 3.1523311138153076, 3.1523311138153076, 3.1523311138153076, 3.1523311138153076, 3.1523311138153076, 3.1523311138153076, 3.1523311138153076, 3.1523311138153076, 3.1523311138153076, 3.1523311138153076, 3.1523311138153076, 3.1523311138153076, 3.1523311138153076, 3.1523311138153076, 3.1523311138153076, 3.1523311138153076, 3.1523311138153076, 3.1523311138153076, 3.1523311138153076, 3.1523311138153076, 3.1523311138153076, 3.1523311138153076, 3.1523311138153076, 3.1523311138153076, 3.1523311138153076, 3.1523311138153076, 3.1523311138153076, 3.1523311138153076, 3.1523311138153076, 3.1523311138153076, 3.1523311138153076, 3.1523311138153076, 3.1523311138153076, 3.1523311138153076, 3.1523311138153076, 3.1523311138153076, 3.1523311138153076, 3.1523311138153076, 3.1523311138153076, 3.1523311138153076, 3.1523311138153076, 3.1523311138153076, 3.1523311138153076, 3.1523311138153076, 3.1523311138153076, 3.1523311138153076, 3.1523311138153076, 3.1523311138153076, 3.1523311138153076, 3.1523311138153076, 3.1523311138153076, 3.1523311138153076, 3.1523311138153076, 3.1523311138153076, 3.1523311138153076, 3.1523311138153076, 3.1523311138153076, 3.1523311138153076, 3.1523311138153076, 3.1523311138153076, 3.1523311138153076, 3.1523311138153076, 3.1523311138153076, 3.1523311138153076, 3.1523311138153076, 3.1523311138153076, 3.1523311138153076, 3.1523311138153076, 3.1523311138153076, 3.1523311138153076, 3.1523311138153076, 3.1523311138153076, 3.1523311138153076, 3.1523311138153076, 3.1523311138153076, 3.1523311138153076, 3.1523311138153076, 3.1523311138153076, 3.1523311138153076, 3.1523311138153076, 3.1523311138153076, 3.1523311138153076, 3.1523311138153076], "sdr0_sorted_real": [0.30967476963996887, 0.30967476963996887, 0.30967476963996887, 0.30967476963996887, 0.30967476963996887, 0.30967476963996887, 0.30967476963996887, 0.30967476963996887, 0.30967476963996887, 0.30967476963996887, 0.30967476963996887, 0.30967476963996887, 0.30967476963996887, 0.30967476963996887, 0.30967476963996887, 0.30967476963996887, 0.30967476963996887, 0.30967476963996887, 0.30967476963996887, 0.30967476963996887, 0.30967476963996887, 0.30967476963996887, 0.30967476963996887, 0.30967476963996887, 0.30967476963996887, 0.30967476963996887, 0.30967476963996887, 0.30967476963996887, 0.30967476963996887, 0.30967476963996887, 0.30967476963996887, 0.30967476963996887, 0.30967476963996887, 0.30967476963996887, 0.30967476963996887, 0.30967476963996887, 0.30967476963996887, 0.30967476963996887, 0.30967476963996887, 0.30967476963996887, 0.30967476963996887, 0.30967476963996887, 0.30967476963996887, 0.30967476963996887, 0.30967476963996887, 0.30967476963996887, 0.30967476963996887, 0.30967476963996887, 0.30967476963996887, 0.30967476963996887, 0.30967476963996887, 0.30967476963996887, 0.30967476963996887, 0.30967476963996887, 0.30967476963996887, 0.30967476963996887, 0.30967476963996887, 0.30967476963996887, 0.30967476963996887, 0.30967476963996887, 0.30967476963996887, 0.30967476963996887, 0.30967476963996887, 0.30967476963996887, 0.30967476963996887, 0.30967476963996887, 0.30967476963996887, 0.30967476963996887, 0.30967476963996887, 0.30967476963996887, 0.30967476963996887, 0.30967476963996887, 0.30967476963996887, 0.30967476963996887, 0.30967476963996887, 0.30967476963996887, 0.30967476963996887, 0.30967476963996887, 0.30967476963996887, 0.30967476963996887, 0.30967476963996887, 0.30967476963996887, 0.30967476963996887, 0.30967476963996887, 0.30967476963996887, 0.30967476963996887, 0.30967476963996887, 0.30967476963996887, 0.30967476963996887, 0.30967476963996887, 0.30967476963996887, 0.30967476963996887, 0.30967476963996887, 0.30967476963996887, 0.30967476963996887, 0.30967476963996887, 0.30967476963996887, 0.30967476963996887, 0.30967476963996887, 0.30967476963996887],