{"sdr0_real": [7.699240207672119, 7.699240207672119, 7.699240207672119, 7.699240207672119, 7.699240207672119, 7.699240207672119, 7.699240207672119, 7.699240207672119, 7.699240207672119, 7.699240207672119, 7.699240207672119, 7.699240207672119, 7.699240207672119, 7.699240207672119, 7.699240207672119, 7.699240207672119, 7.699240207672119, 7.699240207672119, 7.699240207672119, 7.699240207672119, 7.699240207672119, 7.699240207672119, 7.699240207672119, 7.699240207672119, 7.699240207672119, 7.699240207672119, 7.699240207672119, 7.699240207672119, 7.699240207672119, 7.699240207672119, 7.699240207672119, 7.699240207672119, 7.699240207672119, 7.699240207672119, 7.699240207672119, 7.699240207672119, 7.699240207672119, 7.699240207672119, 7.699240207672119, 7.699240207672119, 7.699240207672119, 7.699240207672119, 7.699240207672119, 7.699240207672119, 7.699240207672119, 7.699240207672119, 7.699240207672119, 7.699240207672119, 7.699240207672119, 7.699240207672119, 7.699240207672119, 7.699240207672119, 7.699240207672119, 7.699240207672119, 7.699240207672119, 7.699240207672119, 7.699240207672119, 7.699240207672119, 7.699240207672119, 7.699240207672119, 7.699240207672119, 7.699240207672119, 7.699240207672119, 7.699240207672119, 7.699240207672119, 7.699240207672119, 7.699240207672119, 7.699240207672119, 7.699240207672119, 7.699240207672119, 7.699240207672119, 7.699240207672119, 7.699240207672119, 7.699240207672119, 7.699240207672119, 7.699240207672119, 7.699240207672119, 7.699240207672119, 7.699240207672119, 7.699240207672119, 7.699240207672119, 7.699240207672119, 7.699240207672119, 7.699240207672119, 7.699240207672119, 7.699240207672119, 7.699240207672119, 7.699240207672119, 7.699240207672119, 7.699240207672119, 7.699240207672119, 7.699240207672119, 7.699240207672119, 7.699240207672119, 7.699240207672119, 7.699240207672119, 7.699240207672119, 7.699240207672119, 7.699240207672119, 7.699240207672119], "sdr1_real": [0.000981098972260952, 0.000981098972260952, 0.000981098972260952, 0.000981098972260952, 0.000981098972260952, 0.000981098972260952, 0.000981098972260952, 0.000981098972260952, 0.000981098972260952, 0.000981098972260952, 0.000981098972260952, 0.000981098972260952, 0.000981098972260952, 0.000981098972260952, 0.000981098972260952, 0.000981098972260952, 0.000981098972260952, 0.000981098972260952, 0.000981098972260952, 0.000981098972260952, 0.000981098972260952, 0.000981098972260952, 0.000981098972260952, 0.000981098972260952, 0.000981098972260952, 0.000981098972260952, 0.000981098972260952, 0.000981098972260952, 0.000981098972260952, 0.000981098972260952, 0.000981098972260952, 0.000981098972260952, 0.000981098972260952, 0.000981098972260952, 0.000981098972260952, 0.000981098972260952, 0.000981098972260952, 0.000981098972260952, 0.000981098972260952, 0.000981098972260952, 0.000981098972260952, 0.000981098972260952, 0.000981098972260952, 0.000981098972260952, 0.000981098972260952, 0.000981098972260952, 0.000981098972260952, 0.000981098972260952, 0.000981098972260952, 0.000981098972260952, 0.000981098972260952, 0.000981098972260952, 0.000981098972260952, 0.000981098972260952, 0.000981098972260952, 0.000981098972260952, 0.000981098972260952, 0.000981098972260952, 0.000981098972260952, 0.000981098972260952, 0.000981098972260952, 0.000981098972260952, 0.000981098972260952, 0.000981098972260952, 0.000981098972260952, 0.000981098972260952, 0.000981098972260952, 0.000981098972260952, 0.000981098972260952, 0.000981098972260952, 0.000981098972260952, 0.000981098972260952, 0.000981098972260952, 0.000981098972260952, 0.000981098972260952, 0.000981098972260952, 0.000981098972260952, 0.000981098972260952, 0.000981098972260952, 0.000981098972260952, 0.000981098972260952, 0.000981098972260952, 0.000981098972260952, 0.000981098972260952, 0.000981098972260952, 0.000981098972260952, 0.000981098972260952, 0.000981098972260952, 0.000981098972260952, 0.000981098972260952, 0.000981098972260952, 0.000981098972260952, 0.000981098972260952, 0.000981098972260952, 0.000981098972260952, 0.000981098972260952, 0.000981098972260952, 0.000981098972260952, 0.000981098972260952, 0.000981098972260952], "sdr0_sorted_real": [7.699240207672119, 7.699240207672119, 7.699240207672119, 7.699240207672119, 7.699240207672119, 7.699240207672119, 7.699240207672119, 7.699240207672119, 7.699240207672119, 7.699240207672119, 7.699240207672119, 7.699240207672119, 7.699240207672119, 7.699240207672119, 7.699240207672119, 7.699240207672119, 7.699240207672119, 7.699240207672119, 7.699240207672119, 7.699240207672119, 7.699240207672119, 7.699240207672119, 7.699240207672119, 7.699240207672119, 7.699240207672119, 7.699240207672119, 7.699240207672119, 7.699240207672119, 7.699240207672119, 7.699240207672119, 7.699240207672119, 7.699240207672119, 7.699240207672119, 7.699240207672119, 7.699240207672119, 7.699240207672119, 7.699240207672119, 7.699240207672119, 7.699240207672119, 7.699240207672119, 7.699240207672119, 7.699240207672119, 7.699240207672119, 7.699240207672119, 7.699240207672119, 7.699240207672119, 7.699240207672119, 7.699240207672119, 7.699240207672119, 7.699240207672119, 7.699240207672119, 7.699240207672119, 7.699240207672119, 7.699240207672119, 7.699240207672119, 7.699240207672119, 7.699240207672119, 7.699240207672119, 7.699240207672119, 7.699240207672119, 7.699240207672119, 7.699240207672119, 7.699240207672119, 7.699240207672119, 7.699240207672119, 7.699240207672119, 7.699240207672119, 7.699240207672119, 7.699240207672119, 7.699240207672119, 7.699240207672119, 7.699240207672119, 7.699240207672119, 7.699240207672119, 7.699240207672119, 7.699240207672119, 7.699240207672119, 7.699240207672119, 7.699240207672119, 7.699240207672119, 7.699240207672119, 7.699240207672119, 7.699240207672119, 7.699240207672119, 7.699240207672119, 7.699240207672119, 7.699240207672119, 7.699240207672119, 7.699240207672119, 7.699240207672119, 7.699240207672119, 7.699240207672119, 7.699240207672119, 7.699240207672119, 7.699240207672119, 7.699240207672119, 7.699240207672119, 7.699240207672119, 7.699240207672119, 7.699240207672119],