{"sdr0_real": [0.9551635980606079, 0.9551635980606079, 0.9551635980606079, 0.9551635980606079, 0.9551635980606079, 0.9551635980606079, 0.9551635980606079, 0.9551635980606079, 0.9551635980606079, 0.9551635980606079, 0.9551635980606079, 0.9551635980606079, 0.9551635980606079, 0.9551635980606079, 0.9551635980606079, 0.9551635980606079, 0.9551635980606079, 0.9551635980606079, 0.9551635980606079, 0.9551635980606079, 0.9551635980606079, 0.9551635980606079, 0.9551635980606079, 0.9551635980606079, 0.9551635980606079, 0.9551635980606079, 0.9551635980606079, 0.9551635980606079, 0.9551635980606079, 0.9551635980606079, 0.9551635980606079, 0.9551635980606079, 0.9551635980606079, 0.9551635980606079, 0.9551635980606079, 0.9551635980606079, 0.9551635980606079, 0.9551635980606079, 0.9551635980606079, 0.9551635980606079, 0.9551635980606079, 0.9551635980606079, 0.9551635980606079, 0.9551635980606079, 0.9551635980606079, 0.9551635980606079, 0.9551635980606079, 0.9551635980606079, 0.9551635980606079, 0.9551635980606079, 0.9551635980606079, 0.9551635980606079, 0.9551635980606079, 0.9551635980606079, 0.9551635980606079, 0.9551635980606079, 0.9551635980606079, 0.9551635980606079, 0.9551635980606079, 0.9551635980606079, 0.9551635980606079, 0.9551635980606079, 0.9551635980606079, 0.9551635980606079, 0.9551635980606079, 0.9551635980606079, 0.9551635980606079, 0.9551635980606079, 0.9551635980606079, 0.9551635980606079, 0.9551635980606079, 0.9551635980606079, 0.9551635980606079, 0.9551635980606079, 0.9551635980606079, 0.9551635980606079, 0.9551635980606079, 0.9551635980606079, 0.9551635980606079, 0.9551635980606079, 0.9551635980606079, 0.9551635980606079, 0.9551635980606079, 0.9551635980606079, 0.9551635980606079, 0.9551635980606079, 0.9551635980606079, 0.9551635980606079, 0.9551635980606079, 0.9551635980606079, 0.9551635980606079, 0.9551635980606079, 0.9551635980606079, 0.9551635980606079, 0.9551635980606079, 0.9551635980606079, 0.9551635980606079, 0.9551635980606079, 0.9551635980606079, 0.9551635980606079], "sdr1_real": [2.0058774948120117, 2.0058774948120117, 2.0058774948120117, 2.0058774948120117, 2.0058774948120117, 2.0058774948120117, 2.0058774948120117, 2.0058774948120117, 2.0058774948120117, 2.0058774948120117, 2.0058774948120117, 2.0058774948120117, 2.0058774948120117, 2.0058774948120117, 2.0058774948120117, 2.0058774948120117, 2.0058774948120117, 2.0058774948120117, 2.0058774948120117, 2.0058774948120117, 2.0058774948120117, 2.0058774948120117, 2.0058774948120117, 2.0058774948120117, 2.0058774948120117, 2.0058774948120117, 2.0058774948120117, 2.0058774948120117, 2.0058774948120117, 2.0058774948120117, 2.0058774948120117, 2.0058774948120117, 2.0058774948120117, 2.0058774948120117, 2.0058774948120117, 2.0058774948120117, 2.0058774948120117, 2.0058774948120117, 2.0058774948120117, 2.0058774948120117, 2.0058774948120117, 2.0058774948120117, 2.0058774948120117, 2.0058774948120117, 2.0058774948120117, 2.0058774948120117, 2.0058774948120117, 2.0058774948120117, 2.0058774948120117, 2.0058774948120117, 2.0058774948120117, 2.0058774948120117, 2.0058774948120117, 2.0058774948120117, 2.0058774948120117, 2.0058774948120117, 2.0058774948120117, 2.0058774948120117, 2.0058774948120117, 2.0058774948120117, 2.0058774948120117, 2.0058774948120117, 2.0058774948120117, 2.0058774948120117, 2.0058774948120117, 2.0058774948120117, 2.0058774948120117, 2.0058774948120117, 2.0058774948120117, 2.0058774948120117, 2.0058774948120117, 2.0058774948120117, 2.0058774948120117, 2.0058774948120117, 2.0058774948120117, 2.0058774948120117, 2.0058774948120117, 2.0058774948120117, 2.0058774948120117, 2.0058774948120117, 2.0058774948120117, 2.0058774948120117, 2.0058774948120117, 2.0058774948120117, 2.0058774948120117, 2.0058774948120117, 2.0058774948120117, 2.0058774948120117, 2.0058774948120117, 2.0058774948120117, 2.0058774948120117, 2.0058774948120117, 2.0058774948120117, 2.0058774948120117, 2.0058774948120117, 2.0058774948120117, 2.0058774948120117, 2.0058774948120117, 2.0058774948120117, 2.0058774948120117], "sdr0_sorted_real": [0.9551635980606079, 0.9551635980606079, 0.9551635980606079, 0.9551635980606079, 0.9551635980606079, 0.9551635980606079, 0.9551635980606079, 0.9551635980606079, 0.9551635980606079, 0.9551635980606079, 0.9551635980606079, 0.9551635980606079, 0.9551635980606079, 0.9551635980606079, 0.9551635980606079, 0.9551635980606079, 0.9551635980606079, 0.9551635980606079, 0.9551635980606079, 0.9551635980606079, 0.9551635980606079, 0.9551635980606079, 0.9551635980606079, 0.9551635980606079, 0.9551635980606079, 0.9551635980606079, 0.9551635980606079, 0.9551635980606079, 0.9551635980606079, 0.9551635980606079, 0.9551635980606079, 0.9551635980606079, 0.9551635980606079, 0.9551635980606079, 0.9551635980606079, 0.9551635980606079, 0.9551635980606079, 0.9551635980606079, 0.9551635980606079, 0.9551635980606079, 0.9551635980606079, 0.9551635980606079, 0.9551635980606079, 0.9551635980606079, 0.9551635980606079, 0.9551635980606079, 0.9551635980606079, 0.9551635980606079, 0.9551635980606079, 0.9551635980606079, 0.9551635980606079, 0.9551635980606079, 0.9551635980606079, 0.9551635980606079, 0.9551635980606079, 0.9551635980606079, 0.9551635980606079, 0.9551635980606079, 0.9551635980606079, 0.9551635980606079, 0.9551635980606079, 0.9551635980606079, 0.9551635980606079, 0.9551635980606079, 0.9551635980606079, 0.9551635980606079, 0.9551635980606079, 0.9551635980606079, 0.9551635980606079, 0.9551635980606079, 0.9551635980606079, 0.9551635980606079, 0.9551635980606079, 0.9551635980606079, 0.9551635980606079, 0.9551635980606079, 0.9551635980606079, 0.9551635980606079, 0.9551635980606079, 0.9551635980606079, 0.9551635980606079, 0.9551635980606079, 0.9551635980606079, 0.9551635980606079, 0.9551635980606079, 0.9551635980606079, 0.9551635980606079, 0.9551635980606079, 0.9551635980606079, 0.9551635980606079, 0.9551635980606079, 0.9551635980606079, 0.9551635980606079, 0.9551635980606079, 0.9551635980606079, 0.9551635980606079, 0.9551635980606079, 0.9551635980606079, 0.9551635980606079, 0.9551635980606079],