{"sdr0_real": [7.377758979797363, 7.377758979797363, 7.377758979797363, 7.377758979797363, 7.377758979797363, 7.377758979797363, 7.377758979797363, 7.377758979797363, 7.377758979797363, 7.377758979797363, 7.377758979797363, 7.377758979797363, 7.377758979797363, 7.377758979797363, 7.377758979797363, 7.377758979797363, 7.377758979797363, 7.377758979797363, 7.377758979797363, 7.377758979797363, 7.377758979797363, 7.377758979797363, 7.377758979797363, 7.377758979797363, 7.377758979797363, 7.377758979797363, 7.377758979797363, 7.377758979797363, 7.377758979797363, 7.377758979797363, 7.377758979797363, 7.377758979797363, 7.377758979797363, 7.377758979797363, 7.377758979797363, 7.377758979797363, 7.377758979797363, 7.377758979797363, 7.377758979797363, 7.377758979797363, 7.377758979797363, 7.377758979797363, 7.377758979797363, 7.377758979797363, 7.377758979797363, 7.377758979797363, 7.377758979797363, 7.377758979797363, 7.377758979797363, 7.377758979797363, 7.377758979797363, 7.377758979797363, 7.377758979797363, 7.377758979797363, 7.377758979797363, 7.377758979797363, 7.377758979797363, 7.377758979797363, 7.377758979797363, 7.377758979797363, 7.377758979797363, 7.377758979797363, 7.377758979797363, 7.377758979797363, 7.377758979797363, 7.377758979797363, 7.377758979797363, 7.377758979797363, 7.377758979797363, 7.377758979797363, 7.377758979797363, 7.377758979797363, 7.377758979797363, 7.377758979797363, 7.377758979797363, 7.377758979797363, 7.377758979797363, 7.377758979797363, 7.377758979797363, 7.377758979797363, 7.377758979797363, 7.377758979797363, 7.377758979797363, 7.377758979797363, 7.377758979797363, 7.377758979797363, 7.377758979797363, 7.377758979797363, 7.377758979797363, 7.377758979797363, 7.377758979797363, 7.377758979797363, 7.377758979797363, 7.377758979797363, 7.377758979797363, 7.377758979797363, 7.377758979797363, 7.377758979797363, 7.377758979797363, 7.377758979797363], "sdr1_real": [1.7489733695983887, 1.7489733695983887, 1.7489733695983887, 1.7489733695983887, 1.7489733695983887, 1.7489733695983887, 1.7489733695983887, 1.7489733695983887, 1.7489733695983887, 1.7489733695983887, 1.7489733695983887, 1.7489733695983887, 1.7489733695983887, 1.7489733695983887, 1.7489733695983887, 1.7489733695983887, 1.7489733695983887, 1.7489733695983887, 1.7489733695983887, 1.7489733695983887, 1.7489733695983887, 1.7489733695983887, 1.7489733695983887, 1.7489733695983887, 1.7489733695983887, 1.7489733695983887, 1.7489733695983887, 1.7489733695983887, 1.7489733695983887, 1.7489733695983887, 1.7489733695983887, 1.7489733695983887, 1.7489733695983887, 1.7489733695983887, 1.7489733695983887, 1.7489733695983887, 1.7489733695983887, 1.7489733695983887, 1.7489733695983887, 1.7489733695983887, 1.7489733695983887, 1.7489733695983887, 1.7489733695983887, 1.7489733695983887, 1.7489733695983887, 1.7489733695983887, 1.7489733695983887, 1.7489733695983887, 1.7489733695983887, 1.7489733695983887, 1.7489733695983887, 1.7489733695983887, 1.7489733695983887, 1.7489733695983887, 1.7489733695983887, 1.7489733695983887, 1.7489733695983887, 1.7489733695983887, 1.7489733695983887, 1.7489733695983887, 1.7489733695983887, 1.7489733695983887, 1.7489733695983887, 1.7489733695983887, 1.7489733695983887, 1.7489733695983887, 1.7489733695983887, 1.7489733695983887, 1.7489733695983887, 1.7489733695983887, 1.7489733695983887, 1.7489733695983887, 1.7489733695983887, 1.7489733695983887, 1.7489733695983887, 1.7489733695983887, 1.7489733695983887, 1.7489733695983887, 1.7489733695983887, 1.7489733695983887, 1.7489733695983887, 1.7489733695983887, 1.7489733695983887, 1.7489733695983887, 1.7489733695983887, 1.7489733695983887, 1.7489733695983887, 1.7489733695983887, 1.7489733695983887, 1.7489733695983887, 1.7489733695983887, 1.7489733695983887, 1.7489733695983887, 1.7489733695983887, 1.7489733695983887, 1.7489733695983887, 1.7489733695983887, 1.7489733695983887, 1.7489733695983887, 1.7489733695983887], "sdr0_sorted_real": [7.377758979797363, 7.377758979797363, 7.377758979797363, 7.377758979797363, 7.377758979797363, 7.377758979797363, 7.377758979797363, 7.377758979797363, 7.377758979797363, 7.377758979797363, 7.377758979797363, 7.377758979797363, 7.377758979797363, 7.377758979797363, 7.377758979797363, 7.377758979797363, 7.377758979797363, 7.377758979797363, 7.377758979797363, 7.377758979797363, 7.377758979797363, 7.377758979797363, 7.377758979797363, 7.377758979797363, 7.377758979797363, 7.377758979797363, 7.377758979797363, 7.377758979797363, 7.377758979797363, 7.377758979797363, 7.377758979797363, 7.377758979797363, 7.377758979797363, 7.377758979797363, 7.377758979797363, 7.377758979797363, 7.377758979797363, 7.377758979797363, 7.377758979797363, 7.377758979797363, 7.377758979797363, 7.377758979797363, 7.377758979797363, 7.377758979797363, 7.377758979797363, 7.377758979797363, 7.377758979797363, 7.377758979797363, 7.377758979797363, 7.377758979797363, 7.377758979797363, 7.377758979797363, 7.377758979797363, 7.377758979797363, 7.377758979797363, 7.377758979797363, 7.377758979797363, 7.377758979797363, 7.377758979797363, 7.377758979797363, 7.377758979797363, 7.377758979797363, 7.377758979797363, 7.377758979797363, 7.377758979797363, 7.377758979797363, 7.377758979797363, 7.377758979797363, 7.377758979797363, 7.377758979797363, 7.377758979797363, 7.377758979797363, 7.377758979797363, 7.377758979797363, 7.377758979797363, 7.377758979797363, 7.377758979797363, 7.377758979797363, 7.377758979797363, 7.377758979797363, 7.377758979797363, 7.377758979797363, 7.377758979797363, 7.377758979797363, 7.377758979797363, 7.377758979797363, 7.377758979797363, 7.377758979797363, 7.377758979797363, 7.377758979797363, 7.377758979797363, 7.377758979797363, 7.377758979797363, 7.377758979797363, 7.377758979797363, 7.377758979797363, 7.377758979797363, 7.377758979797363, 7.377758979797363, 7.377758979797363], "sdr1_sorted_real": [1.7489733695983887, 1.7489733695983887, 1.7489733695983887, 1.7489733695983887, 1.7489733695983887, 1.7489733695983887, 1.7489733695983887, 1.7489733695983887, 1.7489733695983887, 1.7489733695983887, 1.7489733695983887, 1.7489733695983887, 1.7489733695983887, 1.7489733695983887, 1.7489733695983887, 1.7489733695983887, 1.7489733695983887, 1.7489733695983887, 1.7489733695983887, 1.7489733695983887, 1.7489733695983887, 1.7489733695983887, 1.7489733695983887, 1.7489733695983887, 1.7489733695983887, 1.7489733695983887, 1.7489733695983887, 1.7489733695983887, 1.7489733695983887, 1.7489733695983887, 1.7489733695983887, 1.7489733695983887, 1.7489733695983887, 1.7489733695983887, 1.7489733695983887, 1.7489733695983887, 1.7489733695983887, 1.7489733695983887, 1.7489733695983887, 1.7489733695983887, 1.7489733695983887, 1.7489733695983887, 1.7489733695983887, 1.7489733695983887, 1.7489733695983887, 1.7489733695983887, 1.7489733695983887, 1.7489733695983887, 1.7489733695983887, 1.7489733695983887, 1.7489733695983887, 1.7489733695983887, 1.7489733695983887, 1.7489733695983887, 1.7489733695983887, 1.7489733695983887, 1.7489733695983887, 1.7489733695983887, 1.7489733695983887, 1.7489733695983887, 1.7489733695983887, 1.7489733695983887, 1.7489733695983887, 1.7489733695983887, 1.7489733695983887, 1.7489733695983887, 1.7489733695983887, 1.7489733695983887, 1.7489733695983887, 1.7489733695983887, 1.7489733695983887, 1.7489733695983887, 1.7489733695983887, 1.7489733695983887, 1.7489733695983887, 1.7489733695983887, 1.7489733695983887, 1.7489733695983887, 1.7489733695983887, 1.7489733695983887, 1.7489733695983887, 1.7489733695983887, 1.7489733695983887, 1.7489733695983887, 1.7489733695983887, 1.7489733695983887, 1.7489733695983887, 1.7489733695983887, 1.7489733695983887, 1.7489733695983887, 1.7489733695983887, 1.7489733695983887, 1.7489733695983887, 1.7489733695983887, 1.7489733695983887, 1.7489733695983887, 1.7489733695983887, 1.7489733695983887, 1.7489733695983887, 1.7489733695983887]}