{"sdr0_real": [4.575652122497559, 4.575652122497559, 4.575652122497559, 4.575652122497559, 4.575652122497559, 4.575652122497559, 4.575652122497559, 4.575652122497559, 4.575652122497559, 4.575652122497559, 4.575652122497559, 4.575652122497559, 4.575652122497559, 4.575652122497559, 4.575652122497559, 4.575652122497559, 4.575652122497559, 4.575652122497559, 4.575652122497559, 4.575652122497559, 4.575652122497559, 4.575652122497559, 4.575652122497559, 4.575652122497559, 4.575652122497559, 4.575652122497559, 4.575652122497559, 4.575652122497559, 4.575652122497559, 4.575652122497559, 4.575652122497559, 4.575652122497559, 4.575652122497559, 4.575652122497559, 4.575652122497559, 4.575652122497559, 4.575652122497559, 4.575652122497559, 4.575652122497559, 4.575652122497559, 4.575652122497559, 4.575652122497559, 4.575652122497559, 4.575652122497559, 4.575652122497559, 4.575652122497559, 4.575652122497559, 4.575652122497559, 4.575652122497559, 4.575652122497559, 4.575652122497559, 4.575652122497559, 4.575652122497559, 4.575652122497559, 4.575652122497559, 4.575652122497559, 4.575652122497559, 4.575652122497559, 4.575652122497559, 4.575652122497559, 4.575652122497559, 4.575652122497559, 4.575652122497559, 4.575652122497559, 4.575652122497559, 4.575652122497559, 4.575652122497559, 4.575652122497559, 4.575652122497559, 4.575652122497559, 4.575652122497559, 4.575652122497559, 4.575652122497559, 4.575652122497559, 4.575652122497559, 4.575652122497559, 4.575652122497559, 4.575652122497559, 4.575652122497559, 4.575652122497559, 4.575652122497559, 4.575652122497559, 4.575652122497559, 4.575652122497559, 4.575652122497559, 4.575652122497559, 4.575652122497559, 4.575652122497559, 4.575652122497559, 4.575652122497559, 4.575652122497559, 4.575652122497559, 4.575652122497559, 4.575652122497559, 4.575652122497559, 4.575652122497559, 4.575652122497559, 4.575652122497559, 4.575652122497559, 4.575652122497559], "sdr1_real": [-0.004728064406663179, -0.004728064406663179, -0.004728064406663179, -0.004728064406663179, -0.004728064406663179, -0.004728064406663179, -0.004728064406663179, -0.004728064406663179, -0.004728064406663179, -0.004728064406663179, -0.004728064406663179, -0.004728064406663179, -0.004728064406663179, -0.004728064406663179, -0.004728064406663179, -0.004728064406663179, -0.004728064406663179, -0.004728064406663179, -0.004728064406663179, -0.004728064406663179, -0.004728064406663179, -0.004728064406663179, -0.004728064406663179, -0.004728064406663179, -0.004728064406663179, -0.004728064406663179, -0.004728064406663179, -0.004728064406663179, -0.004728064406663179, -0.004728064406663179, -0.004728064406663179, -0.004728064406663179, -0.004728064406663179, -0.004728064406663179, -0.004728064406663179, -0.004728064406663179, -0.004728064406663179, -0.004728064406663179, -0.004728064406663179, -0.004728064406663179, -0.004728064406663179, -0.004728064406663179, -0.004728064406663179, -0.004728064406663179, -0.004728064406663179, -0.004728064406663179, -0.004728064406663179, -0.004728064406663179, -0.004728064406663179, -0.004728064406663179, -0.004728064406663179, -0.004728064406663179, -0.004728064406663179, -0.004728064406663179, -0.004728064406663179, -0.004728064406663179, -0.004728064406663179, -0.004728064406663179, -0.004728064406663179, -0.004728064406663179, -0.004728064406663179, -0.004728064406663179, -0.004728064406663179, -0.004728064406663179, -0.004728064406663179, -0.004728064406663179, -0.004728064406663179, -0.004728064406663179, -0.004728064406663179, -0.004728064406663179, -0.004728064406663179, -0.004728064406663179, -0.004728064406663179, -0.004728064406663179, -0.004728064406663179, -0.004728064406663179, -0.004728064406663179, -0.004728064406663179, -0.004728064406663179, -0.004728064406663179, -0.004728064406663179, -0.004728064406663179, -0.004728064406663179, -0.004728064406663179, -0.004728064406663179, -0.004728064406663179, -0.004728064406663179, -0.004728064406663179, -0.004728064406663179, -0.004728064406663179, -0.004728064406663179, -0.004728064406663179, -0.004728064406663179, -0.004728064406663179, -0.004728064406663179, -0.004728064406663179, -0.004728064406663179, -0.004728064406663179, -0.004728064406663179, -0.004728064406663179], "sdr0_sorted_real": [4.575652122497559, 4.575652122497559, 4.575652122497559, 4.575652122497559, 4.575652122497559, 4.575652122497559, 4.575652122497559, 4.575652122497559, 4.575652122497559, 4.575652122497559, 4.575652122497559, 4.575652122497559, 4.575652122497559, 4.575652122497559, 4.575652122497559, 4.575652122497559, 4.575652122497559, 4.575652122497559, 4.575652122497559, 4.575652122497559, 4.575652122497559, 4.575652122497559, 4.575652122497559, 4.575652122497559, 4.575652122497559, 4.575652122497559, 4.575652122497559, 4.575652122497559, 4.575652122497559, 4.575652122497559, 4.575652122497559, 4.575652122497559, 4.575652122497559, 4.575652122497559, 4.575652122497559, 4.575652122497559, 4.575652122497559, 4.575652122497559, 4.575652122497559, 4.575652122497559, 4.575652122497559, 4.575652122497559, 4.575652122497559, 4.575652122497559, 4.575652122497559, 4.575652122497559, 4.575652122497559, 4.575652122497559, 4.575652122497559, 4.575652122497559, 4.575652122497559, 4.575652122497559, 4.575652122497559, 4.575652122497559, 4.575652122497559, 4.575652122497559, 4.575652122497559, 4.575652122497559, 4.575652122497559, 4.575652122497559, 4.575652122497559, 4.575652122497559, 4.575652122497559, 4.575652122497559, 4.575652122497559, 4.575652122497559, 4.575652122497559, 4.575652122497559, 4.575652122497559, 4.575652122497559, 4.575652122497559, 4.575652122497559, 4.575652122497559, 4.575652122497559, 4.575652122497559, 4.575652122497559, 4.575652122497559, 4.575652122497559, 4.575652122497559, 4.575652122497559, 4.575652122497559, 4.575652122497559, 4.575652122497559, 4.575652122497559, 4.575652122497559, 4.575652122497559, 4.575652122497559, 4.575652122497559, 4.575652122497559, 4.575652122497559, 4.575652122497559, 4.575652122497559, 4.575652122497559, 4.575652122497559, 4.575652122497559, 4.575652122497559, 4.575652122497559, 4.575652122497559, 4.575652122497559, 4.575652122497559],