{"sdr0_real": [2.530628204345703, 2.530628204345703, 2.530628204345703, 2.530628204345703, 2.530628204345703, 2.530628204345703, 2.530628204345703, 2.530628204345703, 2.530628204345703, 2.530628204345703, 2.530628204345703, 2.530628204345703, 2.530628204345703, 2.530628204345703, 2.530628204345703, 2.530628204345703, 2.530628204345703, 2.530628204345703, 2.530628204345703, 2.530628204345703, 2.530628204345703, 2.530628204345703, 2.530628204345703, 2.530628204345703, 2.530628204345703, 2.530628204345703, 2.530628204345703, 2.530628204345703, 2.530628204345703, 2.530628204345703, 2.530628204345703, 2.530628204345703, 2.530628204345703, 2.530628204345703, 2.530628204345703, 2.530628204345703, 2.530628204345703, 2.530628204345703, 2.530628204345703, 2.530628204345703, 2.530628204345703, 2.530628204345703, 2.530628204345703, 2.530628204345703, 2.530628204345703, 2.530628204345703, 2.530628204345703, 2.530628204345703, 2.530628204345703, 2.530628204345703, 2.530628204345703, 2.530628204345703, 2.530628204345703, 2.530628204345703, 2.530628204345703, 2.530628204345703, 2.530628204345703, 2.530628204345703, 2.530628204345703, 2.530628204345703, 2.530628204345703, 2.530628204345703, 2.530628204345703, 2.530628204345703, 2.530628204345703, 2.530628204345703, 2.530628204345703, 2.530628204345703, 2.530628204345703, 2.530628204345703, 2.530628204345703, 2.530628204345703, 2.530628204345703, 2.530628204345703, 2.530628204345703, 2.530628204345703, 2.530628204345703, 2.530628204345703, 2.530628204345703, 2.530628204345703, 2.530628204345703, 2.530628204345703, 2.530628204345703, 2.530628204345703, 2.530628204345703, 2.530628204345703, 2.530628204345703, 2.530628204345703, 2.530628204345703, 2.530628204345703, 2.530628204345703, 2.530628204345703, 2.530628204345703, 2.530628204345703, 2.530628204345703, 2.530628204345703, 2.530628204345703, 2.530628204345703, 2.530628204345703, 2.530628204345703], "sdr1_real": [-0.006953151430934668, -0.006953151430934668, -0.006953151430934668, -0.006953151430934668, -0.006953151430934668, -0.006953151430934668, -0.006953151430934668, -0.006953151430934668, -0.006953151430934668, -0.006953151430934668, -0.006953151430934668, -0.006953151430934668, -0.006953151430934668, -0.006953151430934668, -0.006953151430934668, -0.006953151430934668, -0.006953151430934668, -0.006953151430934668, -0.006953151430934668, -0.006953151430934668, -0.006953151430934668, -0.006953151430934668, -0.006953151430934668, -0.006953151430934668, -0.006953151430934668, -0.006953151430934668, -0.006953151430934668, -0.006953151430934668, -0.006953151430934668, -0.006953151430934668, -0.006953151430934668, -0.006953151430934668, -0.006953151430934668, -0.006953151430934668, -0.006953151430934668, -0.006953151430934668, -0.006953151430934668, -0.006953151430934668, -0.006953151430934668, -0.006953151430934668, -0.006953151430934668, -0.006953151430934668, -0.006953151430934668, -0.006953151430934668, -0.006953151430934668, -0.006953151430934668, -0.006953151430934668, -0.006953151430934668, -0.006953151430934668, -0.006953151430934668, -0.006953151430934668, -0.006953151430934668, -0.006953151430934668, -0.006953151430934668, -0.006953151430934668, -0.006953151430934668, -0.006953151430934668, -0.006953151430934668, -0.006953151430934668, -0.006953151430934668, -0.006953151430934668, -0.006953151430934668, -0.006953151430934668, -0.006953151430934668, -0.006953151430934668, -0.006953151430934668, -0.006953151430934668, -0.006953151430934668, -0.006953151430934668, -0.006953151430934668, -0.006953151430934668, -0.006953151430934668, -0.006953151430934668, -0.006953151430934668, -0.006953151430934668, -0.006953151430934668, -0.006953151430934668, -0.006953151430934668, -0.006953151430934668, -0.006953151430934668, -0.006953151430934668, -0.006953151430934668, -0.006953151430934668, -0.006953151430934668, -0.006953151430934668, -0.006953151430934668, -0.006953151430934668, -0.006953151430934668, -0.006953151430934668, -0.006953151430934668, -0.006953151430934668, -0.006953151430934668, -0.006953151430934668, -0.006953151430934668, -0.006953151430934668, -0.006953151430934668, -0.006953151430934668, -0.006953151430934668, -0.006953151430934668, -0.006953151430934668], "sdr0_sorted_real": [2.530628204345703, 2.530628204345703, 2.530628204345703, 2.530628204345703, 2.530628204345703, 2.530628204345703, 2.530628204345703, 2.530628204345703, 2.530628204345703, 2.530628204345703, 2.530628204345703, 2.530628204345703, 2.530628204345703, 2.530628204345703, 2.530628204345703, 2.530628204345703, 2.530628204345703, 2.530628204345703, 2.530628204345703, 2.530628204345703, 2.530628204345703, 2.530628204345703, 2.530628204345703, 2.530628204345703, 2.530628204345703, 2.530628204345703, 2.530628204345703, 2.530628204345703, 2.530628204345703, 2.530628204345703, 2.530628204345703, 2.530628204345703, 2.530628204345703, 2.530628204345703, 2.530628204345703, 2.530628204345703, 2.530628204345703, 2.530628204345703, 2.530628204345703, 2.530628204345703, 2.530628204345703, 2.530628204345703, 2.530628204345703, 2.530628204345703, 2.530628204345703, 2.530628204345703, 2.530628204345703, 2.530628204345703, 2.530628204345703, 2.530628204345703, 2.530628204345703, 2.530628204345703, 2.530628204345703, 2.530628204345703, 2.530628204345703, 2.530628204345703, 2.530628204345703, 2.530628204345703, 2.530628204345703, 2.530628204345703, 2.530628204345703, 2.530628204345703, 2.530628204345703, 2.530628204345703, 2.530628204345703, 2.530628204345703, 2.530628204345703, 2.530628204345703, 2.530628204345703, 2.530628204345703, 2.530628204345703, 2.530628204345703, 2.530628204345703, 2.530628204345703, 2.530628204345703, 2.530628204345703, 2.530628204345703, 2.530628204345703, 2.530628204345703, 2.530628204345703, 2.530628204345703, 2.530628204345703, 2.530628204345703, 2.530628204345703, 2.530628204345703, 2.530628204345703, 2.530628204345703, 2.530628204345703, 2.530628204345703, 2.530628204345703, 2.530628204345703, 2.530628204345703, 2.530628204345703, 2.530628204345703, 2.530628204345703, 2.530628204345703, 2.530628204345703, 2.530628204345703, 2.530628204345703, 2.530628204345703],