{"sdr0_real": [0.01037415862083435, 0.01037415862083435, 0.01037415862083435, 0.006794271059334278, 0.01037415862083435, 0.006794271059334278, 0.01037415862083435, 0.006794271059334278, 0.010374159552156925, 0.01037415862083435, 0.01037415862083435, 0.01037415862083435, 0.010374159552156925, 0.01037415862083435, 0.01037415862083435, 0.006794271059334278, 0.01037415862083435, 0.006794271059334278, 0.01037415862083435, 0.006794271059334278, 0.01037415862083435, 0.006794271059334278, 0.01037415862083435, 0.01037415862083435, 0.006794271059334278, 0.01037415862083435, 0.01037415862083435, 0.01037415862083435, 0.01037415862083435, 0.01037415862083435, 0.01037415862083435, 0.010374159552156925, 0.010374159552156925, 0.01037415862083435, 0.01037415862083435, 0.006794271059334278, 0.010374159552156925, 0.010374159552156925, 0.01037415862083435, 0.01037415862083435, 0.01037415862083435, 0.006794271059334278, 0.006794271059334278, 0.01037415862083435, 0.010374159552156925, 0.01037415862083435, 0.01037415862083435, 0.01037415862083435, 0.01037415862083435, 0.010374159552156925, 0.01037415862083435, 0.006794271059334278, 0.01037415862083435, 0.01037415862083435, 0.006794271059334278, 0.01037415862083435, 0.01037415862083435, 0.01037415862083435, 0.006794271059334278, 0.01037415862083435, 0.01037415862083435, 0.01037415862083435, 0.010374159552156925, 0.01037415862083435, 0.006794271059334278, 0.01037415862083435, 0.006794271059334278, 0.006794271059334278, 0.01037415862083435, 0.01037415862083435, 0.006794271059334278, 0.010374159552156925, 0.006794271059334278, 0.01037415862083435, 0.010374159552156925, 0.006794271059334278, 0.01037415862083435, 0.010374159552156925, 0.01037415862083435, 0.01037415862083435, 0.01037415862083435, 0.010374159552156925, 0.01037415862083435, 0.01037415862083435, 0.006794271059334278, 0.01037415862083435, 0.01037415862083435, 0.01037415862083435, 0.01037415862083435, 0.006794271059334278, 0.006794271059334278, 0.01037415862083435, 0.010374159552156925, 0.01037415862083435, 0.01037415862083435, 0.01037415862083435, 0.01037415862083435, 0.01037415862083435, 0.010374159552156925, 0.010374159552156925], "sdr1_real": [-0.002420049626380205, -0.002420049626380205, -0.002420049626380205, -0.002420049626380205, -0.002420049626380205, -0.002420049626380205, -0.002420049626380205, -0.002420049626380205, -0.002420049626380205, -0.002420049626380205, -0.002420049626380205, -0.002420049626380205, -0.002420049626380205, -0.002420049626380205, -0.002420049626380205, -0.002420049626380205, -0.002420049626380205, -0.002420049626380205, -0.002420049626380205, -0.002420049626380205, -0.002420049626380205, -0.002420049626380205, -0.002420049626380205, -0.002420049626380205, -0.002420049626380205, -0.002420049626380205, -0.002420049626380205, -0.002420049626380205, -0.002420049626380205, -0.002420049626380205, -0.002420049626380205, -0.002420049626380205, -0.002420049626380205, -0.002420049626380205, -0.002420049626380205, -0.002420049626380205, -0.002420049626380205, -0.002420049626380205, -0.002420049626380205, -0.002420049626380205, -0.002420049626380205, -0.002420049626380205, -0.002420049626380205, -0.002420049626380205, -0.002420049626380205, -0.002420049626380205, -0.002420049626380205, -0.002420049626380205, -0.002420049626380205, -0.002420049626380205, -0.002420049626380205, -0.002420049626380205, -0.002420049626380205, -0.002420049626380205, -0.002420049626380205, -0.002420049626380205, -0.002420049626380205, -0.002420049626380205, -0.002420049626380205, -0.002420049626380205, -0.002420049626380205, -0.002420049626380205, -0.002420049626380205, -0.002420049626380205, -0.002420049626380205, -0.002420049626380205, -0.002420049626380205, -0.002420049626380205, -0.002420049626380205, -0.002420049626380205, -0.002420049626380205, -0.002420049626380205, -0.002420049626380205, -0.002420049626380205, -0.002420049626380205, -0.002420049626380205, -0.002420049626380205, -0.002420049626380205, -0.002420049626380205, -0.002420049626380205, -0.002420049626380205, -0.002420049626380205, -0.002420049626380205, -0.002420049626380205, -0.002420049626380205, -0.002420049626380205, -0.002420049626380205, -0.002420049626380205, -0.002420049626380205, -0.002420049626380205, -0.002420049626380205, -0.002420049626380205, -0.002420049626380205, -0.002420049626380205, -0.002420049626380205, -0.002420049626380205, -0.002420049626380205, -0.002420049626380205, -0.002420049626380205, -0.002420049626380205], "sdr0_sorted_real": [0.006794271059334278, 0.006794271059334278, 0.006794271059334278, 0.006794271059334278, 0.006794271059334278, 0.006794271059334278, 0.006794271059334278, 0.006794271059334278, 0.006794271059334278, 0.006794271059334278, 0.006794271059334278, 0.006794271059334278, 0.006794271059334278, 0.006794271059334278, 0.006794271059334278, 0.006794271059334278, 0.006794271059334278, 0.006794271059334278, 0.006794271059334278, 0.006794271059334278, 0.006794271059334278, 0.006794271059334278, 0.006794271059334278, 0.01037415862083435, 0.01037415862083435, 0.01037415862083435, 0.01037415862083435, 0.01037415862083435, 0.01037415862083435, 0.01037415862083435, 0.01037415862083435, 0.01037415862083435, 0.01037415862083435, 0.01037415862083435, 0.01037415862083435, 0.01037415862083435, 0.01037415862083435, 0.01037415862083435, 0.01037415862083435, 0.01037415862083435, 0.01037415862083435, 0.01037415862083435, 0.01037415862083435, 0.01037415862083435, 0.01037415862083435, 0.01037415862083435, 0.01037415862083435, 0.01037415862083435, 0.01037415862083435, 0.01037415862083435, 0.01037415862083435, 0.01037415862083435, 0.01037415862083435, 0.01037415862083435, 0.01037415862083435, 0.01037415862083435, 0.01037415862083435, 0.01037415862083435, 0.01037415862083435, 0.01037415862083435, 0.01037415862083435, 0.01037415862083435, 0.01037415862083435, 0.01037415862083435, 0.01037415862083435, 0.01037415862083435, 0.01037415862083435, 0.01037415862083435, 0.01037415862083435, 0.01037415862083435, 0.01037415862083435, 0.01037415862083435, 0.01037415862083435, 0.01037415862083435, 0.01037415862083435, 0.01037415862083435, 0.01037415862083435, 0.01037415862083435, 0.01037415862083435, 0.01037415862083435, 0.01037415862083435, 0.01037415862083435, 0.01037415862083435, 0.01037415862083435, 0.010374159552156925, 0.010374159552156925, 0.010374159552156925, 0.010374159552156925, 0.010374159552156925, 0.010374159552156925, 0.010374159552156925, 0.010374159552156925, 0.010374159552156925, 0.010374159552156925, 0.010374159552156925, 0.010374159552156925, 0.010374159552156925, 0.010374159552156925, 0.010374159552156925, 0.010374159552156925],