{"sdr0_real": [4.9729719161987305, 4.9729719161987305, 4.9729719161987305, 4.9729719161987305, 4.9729719161987305, 4.9729719161987305, 4.9729719161987305, 4.9729719161987305, 4.9729719161987305, 4.9729719161987305, 4.9729719161987305, 4.9729719161987305, 4.9729719161987305, 4.9729719161987305, 4.9729719161987305, 4.9729719161987305, 4.9729719161987305, 4.9729719161987305, 4.9729719161987305, 4.9729719161987305, 4.9729719161987305, 4.9729719161987305, 4.9729719161987305, 4.9729719161987305, 4.9729719161987305, 4.9729719161987305, 4.9729719161987305, 4.9729719161987305, 4.9729719161987305, 4.9729719161987305, 4.9729719161987305, 4.9729719161987305, 4.9729719161987305, 4.9729719161987305, 4.9729719161987305, 4.9729719161987305, 4.9729719161987305, 4.9729719161987305, 4.9729719161987305, 4.9729719161987305, 4.9729719161987305, 4.9729719161987305, 4.9729719161987305, 4.9729719161987305, 4.9729719161987305, 4.9729719161987305, 4.9729719161987305, 4.9729719161987305, 4.9729719161987305, 4.9729719161987305, 4.9729719161987305, 4.9729719161987305, 4.9729719161987305, 4.9729719161987305, 4.9729719161987305, 4.9729719161987305, 4.9729719161987305, 4.9729719161987305, 4.9729719161987305, 4.9729719161987305, 4.9729719161987305, 4.9729719161987305, 4.9729719161987305, 4.9729719161987305, 4.9729719161987305, 4.9729719161987305, 4.9729719161987305, 4.9729719161987305, 4.9729719161987305, 4.9729719161987305, 4.9729719161987305, 4.9729719161987305, 4.9729719161987305, 4.9729719161987305, 4.9729719161987305, 4.9729719161987305, 4.9729719161987305, 4.9729719161987305, 4.9729719161987305, 4.9729719161987305, 4.9729719161987305, 4.9729719161987305, 4.9729719161987305, 4.9729719161987305, 4.9729719161987305, 4.9729719161987305, 4.9729719161987305, 4.9729719161987305, 4.9729719161987305, 4.9729719161987305, 4.9729719161987305, 4.9729719161987305, 4.9729719161987305, 4.9729719161987305, 4.9729719161987305, 4.9729719161987305, 4.9729719161987305, 4.9729719161987305, 4.9729719161987305, 4.9729719161987305], "sdr1_real": [1.052107572555542, 1.052107572555542, 1.052107572555542, 1.052107572555542, 1.052107572555542, 1.052107572555542, 1.052107572555542, 1.052107572555542, 1.052107572555542, 1.052107572555542, 1.052107572555542, 1.052107572555542, 1.052107572555542, 1.052107572555542, 1.052107572555542, 1.052107572555542, 1.052107572555542, 1.052107572555542, 1.052107572555542, 1.052107572555542, 1.052107572555542, 1.052107572555542, 1.052107572555542, 1.052107572555542, 1.052107572555542, 1.052107572555542, 1.052107572555542, 1.052107572555542, 1.052107572555542, 1.052107572555542, 1.052107572555542, 1.052107572555542, 1.052107572555542, 1.052107572555542, 1.052107572555542, 1.052107572555542, 1.052107572555542, 1.052107572555542, 1.052107572555542, 1.052107572555542, 1.052107572555542, 1.052107572555542, 1.052107572555542, 1.052107572555542, 1.052107572555542, 1.052107572555542, 1.052107572555542, 1.052107572555542, 1.052107572555542, 1.052107572555542, 1.052107572555542, 1.052107572555542, 1.052107572555542, 1.052107572555542, 1.052107572555542, 1.052107572555542, 1.052107572555542, 1.052107572555542, 1.052107572555542, 1.052107572555542, 1.052107572555542, 1.052107572555542, 1.052107572555542, 1.052107572555542, 1.052107572555542, 1.052107572555542, 1.052107572555542, 1.052107572555542, 1.052107572555542, 1.052107572555542, 1.052107572555542, 1.052107572555542, 1.052107572555542, 1.052107572555542, 1.052107572555542, 1.052107572555542, 1.052107572555542, 1.052107572555542, 1.052107572555542, 1.052107572555542, 1.052107572555542, 1.052107572555542, 1.052107572555542, 1.052107572555542, 1.052107572555542, 1.052107572555542, 1.052107572555542, 1.052107572555542, 1.052107572555542, 1.052107572555542, 1.052107572555542, 1.052107572555542, 1.052107572555542, 1.052107572555542, 1.052107572555542, 1.052107572555542, 1.052107572555542, 1.052107572555542, 1.052107572555542, 1.052107572555542], "sdr0_sorted_real": [4.9729719161987305, 4.9729719161987305, 4.9729719161987305, 4.9729719161987305, 4.9729719161987305, 4.9729719161987305, 4.9729719161987305, 4.9729719161987305, 4.9729719161987305, 4.9729719161987305, 4.9729719161987305, 4.9729719161987305, 4.9729719161987305, 4.9729719161987305, 4.9729719161987305, 4.9729719161987305, 4.9729719161987305, 4.9729719161987305, 4.9729719161987305, 4.9729719161987305, 4.9729719161987305, 4.9729719161987305, 4.9729719161987305, 4.9729719161987305, 4.9729719161987305, 4.9729719161987305, 4.9729719161987305, 4.9729719161987305, 4.9729719161987305, 4.9729719161987305, 4.9729719161987305, 4.9729719161987305, 4.9729719161987305, 4.9729719161987305, 4.9729719161987305, 4.9729719161987305, 4.9729719161987305, 4.9729719161987305, 4.9729719161987305, 4.9729719161987305, 4.9729719161987305, 4.9729719161987305, 4.9729719161987305, 4.9729719161987305, 4.9729719161987305, 4.9729719161987305, 4.9729719161987305, 4.9729719161987305, 4.9729719161987305, 4.9729719161987305, 4.9729719161987305, 4.9729719161987305, 4.9729719161987305, 4.9729719161987305, 4.9729719161987305, 4.9729719161987305, 4.9729719161987305, 4.9729719161987305, 4.9729719161987305, 4.9729719161987305, 4.9729719161987305, 4.9729719161987305, 4.9729719161987305, 4.9729719161987305, 4.9729719161987305, 4.9729719161987305, 4.9729719161987305, 4.9729719161987305, 4.9729719161987305, 4.9729719161987305, 4.9729719161987305, 4.9729719161987305, 4.9729719161987305, 4.9729719161987305, 4.9729719161987305, 4.9729719161987305, 4.9729719161987305, 4.9729719161987305, 4.9729719161987305, 4.9729719161987305, 4.9729719161987305, 4.9729719161987305, 4.9729719161987305, 4.9729719161987305, 4.9729719161987305, 4.9729719161987305, 4.9729719161987305, 4.9729719161987305, 4.9729719161987305, 4.9729719161987305, 4.9729719161987305, 4.9729719161987305, 4.9729719161987305, 4.9729719161987305, 4.9729719161987305, 4.9729719161987305, 4.9729719161987305, 4.9729719161987305, 4.9729719161987305, 4.9729719161987305], "sdr1_sorted_real": [1.052107572555542, 1.052107572555542, 1.052107572555542, 1.052107572555542, 1.052107572555542, 1.052107572555542, 1.052107572555542, 1.052107572555542, 1.052107572555542, 1.052107572555542, 1.052107572555542, 1.052107572555542, 1.052107572555542, 1.052107572555542, 1.052107572555542, 1.052107572555542, 1.052107572555542, 1.052107572555542, 1.052107572555542, 1.052107572555542, 1.052107572555542, 1.052107572555542, 1.052107572555542, 1.052107572555542, 1.052107572555542, 1.052107572555542, 1.052107572555542, 1.052107572555542, 1.052107572555542, 1.052107572555542, 1.052107572555542, 1.052107572555542, 1.052107572555542, 1.052107572555542, 1.052107572555542, 1.052107572555542, 1.052107572555542, 1.052107572555542, 1.052107572555542, 1.052107572555542, 1.052107572555542, 1.052107572555542, 1.052107572555542, 1.052107572555542, 1.052107572555542, 1.052107572555542, 1.052107572555542, 1.052107572555542, 1.052107572555542, 1.052107572555542, 1.052107572555542, 1.052107572555542, 1.052107572555542, 1.052107572555542, 1.052107572555542, 1.052107572555542, 1.052107572555542, 1.052107572555542, 1.052107572555542, 1.052107572555542, 1.052107572555542, 1.052107572555542, 1.052107572555542, 1.052107572555542, 1.052107572555542, 1.052107572555542, 1.052107572555542, 1.052107572555542, 1.052107572555542, 1.052107572555542, 1.052107572555542, 1.052107572555542, 1.052107572555542, 1.052107572555542, 1.052107572555542, 1.052107572555542, 1.052107572555542, 1.052107572555542, 1.052107572555542, 1.052107572555542, 1.052107572555542, 1.052107572555542, 1.052107572555542, 1.052107572555542, 1.052107572555542, 1.052107572555542, 1.052107572555542, 1.052107572555542, 1.052107572555542, 1.052107572555542, 1.052107572555542, 1.052107572555542, 1.052107572555542, 1.052107572555542, 1.052107572555542, 1.052107572555542, 1.052107572555542, 1.052107572555542, 1.052107572555542, 1.052107572555542]}