{"sdr0_real": [-5.031672954559326, -5.031672954559326, -5.031672954559326, -5.031672954559326, -5.031672954559326, -5.031672954559326, -5.031672954559326, -5.031672954559326, -5.03169059753418, -5.031672954559326, -5.031672954559326, -5.031672954559326, -5.031672954559326, -5.031672954559326, -5.031672954559326, -5.031672954559326, -5.031672954559326, -5.031672954559326, -5.031672954559326, -5.031672954559326, -5.031672954559326, -5.031672954559326, -5.031672954559326, -5.031672954559326, -5.031672954559326, -5.031672954559326, -5.031672954559326, -5.031672954559326, -5.03169059753418, -5.031672954559326, -5.031672954559326, -5.031672954559326, -5.031672954559326, -5.031672954559326, -5.031672954559326, -5.031672954559326, -5.031672954559326, -5.03169059753418, -5.031672954559326, -5.031672954559326, -5.031672954559326, -5.031672954559326, -5.031672954559326, -5.03169059753418, -5.031672954559326, -5.031672954559326, -5.031672954559326, -5.031672954559326, -5.03169059753418, -5.031672954559326, -5.031672954559326, -5.031672954559326, -5.031672954559326, -5.031672954559326, -5.031672954559326, -5.03169059753418, -5.031672954559326, -5.031672954559326, -5.031672954559326, -5.031672954559326, -5.031672954559326, -5.031672954559326, -5.031672954559326, -5.03169059753418, -5.031672954559326, -5.031672954559326, -5.031672954559326, -5.031672954559326, -5.031672954559326, -5.031672954559326, -5.031672954559326, -5.031672954559326, -5.031672954559326, -5.03169059753418, -5.031672954559326, -5.031672954559326, -5.031672954559326, -5.031672954559326, -5.031672954559326, -5.031672954559326, -5.031672954559326, -5.031672954559326, -5.031672954559326, -5.031672954559326, -5.031672954559326, -5.031672954559326, -5.031672954559326, -5.031672954559326, -5.031672954559326, -5.03169059753418, -5.031672954559326, -5.031672954559326, -5.031672954559326, -5.031672954559326, -5.031672954559326, -5.03169059753418, -5.031672954559326, -5.031672954559326, -5.031672954559326, -5.031672954559326], "sdr1_real": [0.22927097976207733, 0.22927097976207733, 0.22927097976207733, 0.22927097976207733, 0.22927097976207733, 0.22927097976207733, 0.22927097976207733, 0.22927097976207733, 0.22927097976207733, 0.22927097976207733, 0.22927097976207733, 0.22927097976207733, 0.22927097976207733, 0.22927097976207733, 0.22927097976207733, 0.22927097976207733, 0.22927097976207733, 0.22927097976207733, 0.22927097976207733, 0.22927097976207733, 0.22927097976207733, 0.22927097976207733, 0.22927097976207733, 0.22927097976207733, 0.22927097976207733, 0.22927097976207733, 0.22927097976207733, 0.22927097976207733, 0.22927097976207733, 0.22927097976207733, 0.22927097976207733, 0.22927097976207733, 0.22927097976207733, 0.22927097976207733, 0.22927097976207733, 0.22927097976207733, 0.22927097976207733, 0.22927097976207733, 0.22927097976207733, 0.22927097976207733, 0.22927097976207733, 0.22927097976207733, 0.22927097976207733, 0.22927097976207733, 0.22927097976207733, 0.22927097976207733, 0.22927097976207733, 0.22927097976207733, 0.22927097976207733, 0.22927097976207733, 0.22927097976207733, 0.22927097976207733, 0.22927097976207733, 0.22927097976207733, 0.22927097976207733, 0.22927097976207733, 0.22927097976207733, 0.22927097976207733, 0.22927097976207733, 0.22927097976207733, 0.22927097976207733, 0.22927097976207733, 0.22927097976207733, 0.22927097976207733, 0.22927097976207733, 0.22927097976207733, 0.22927097976207733, 0.22927097976207733, 0.22927097976207733, 0.22927097976207733, 0.22927097976207733, 0.22927097976207733, 0.22927097976207733, 0.22927097976207733, 0.22927097976207733, 0.22927097976207733, 0.22927097976207733, 0.22927097976207733, 0.22927097976207733, 0.22927097976207733, 0.22927097976207733, 0.22927097976207733, 0.22927097976207733, 0.22927097976207733, 0.22927097976207733, 0.22927097976207733, 0.22927097976207733, 0.22927097976207733, 0.22927097976207733, 0.22927097976207733, 0.22927097976207733, 0.22927097976207733, 0.22927097976207733, 0.22927097976207733, 0.22927097976207733, 0.22927097976207733, 0.22927097976207733, 0.22927097976207733, 0.22927097976207733, 0.22927097976207733], "sdr0_sorted_real": [-5.03169059753418, -5.03169059753418, -5.03169059753418, -5.03169059753418, -5.03169059753418, -5.03169059753418, -5.03169059753418, -5.03169059753418, -5.03169059753418, -5.03169059753418, -5.031672954559326, -5.031672954559326, -5.031672954559326, -5.031672954559326, -5.031672954559326, -5.031672954559326, -5.031672954559326, -5.031672954559326, -5.031672954559326, -5.031672954559326, -5.031672954559326, -5.031672954559326, -5.031672954559326, -5.031672954559326, -5.031672954559326, -5.031672954559326, -5.031672954559326, -5.031672954559326, -5.031672954559326, -5.031672954559326, -5.031672954559326, -5.031672954559326, -5.031672954559326, -5.031672954559326, -5.031672954559326, -5.031672954559326, -5.031672954559326, -5.031672954559326, -5.031672954559326, -5.031672954559326, -5.031672954559326, -5.031672954559326, -5.031672954559326, -5.031672954559326, -5.031672954559326, -5.031672954559326, -5.031672954559326, -5.031672954559326, -5.031672954559326, -5.031672954559326, -5.031672954559326, -5.031672954559326, -5.031672954559326, -5.031672954559326, -5.031672954559326, -5.031672954559326, -5.031672954559326, -5.031672954559326, -5.031672954559326, -5.031672954559326, -5.031672954559326, -5.031672954559326, -5.031672954559326, -5.031672954559326, -5.031672954559326, -5.031672954559326, -5.031672954559326, -5.031672954559326, -5.031672954559326, -5.031672954559326, -5.031672954559326, -5.031672954559326, -5.031672954559326, -5.031672954559326, -5.031672954559326, -5.031672954559326, -5.031672954559326, -5.031672954559326, -5.031672954559326, -5.031672954559326, -5.031672954559326, -5.031672954559326, -5.031672954559326, -5.031672954559326, -5.031672954559326, -5.031672954559326, -5.031672954559326, -5.031672954559326, -5.031672954559326, -5.031672954559326, -5.031672954559326, -5.031672954559326, -5.031672954559326, -5.031672954559326, -5.031672954559326, -5.031672954559326, -5.031672954559326, -5.031672954559326, -5.031672954559326, -5.031672954559326],