{"sdr0_real": [2.485290050506592, 2.485290050506592, 2.485290050506592, 2.485290050506592, 2.485290050506592, 2.485290050506592, 2.485290050506592, 2.485290050506592, 2.485290050506592, 2.485290050506592, 2.485290050506592, 2.485290050506592, 2.485290050506592, 2.485290050506592, 2.485290050506592, 2.485290050506592, 2.485290050506592, 2.485290050506592, 2.485290050506592, 2.485290050506592, 2.485290050506592, 2.485290050506592, 2.485290050506592, 2.485290050506592, 2.485290050506592, 2.485290050506592, 2.485290050506592, 2.485290050506592, 2.485290050506592, 2.485290050506592, 2.485290050506592, 2.485290050506592, 2.485290050506592, 2.485290050506592, 2.485290050506592, 2.485290050506592, 2.485290050506592, 2.485290050506592, 2.485290050506592, 2.485290050506592, 2.485290050506592, 2.485290050506592, 2.485290050506592, 2.485290050506592, 2.485290050506592, 2.485290050506592, 2.485290050506592, 2.485290050506592, 2.485290050506592, 2.485290050506592, 2.485290050506592, 2.485290050506592, 2.485290050506592, 2.485290050506592, 2.485290050506592, 2.485290050506592, 2.485290050506592, 2.485290050506592, 2.485290050506592, 2.485290050506592, 2.485290050506592, 2.485290050506592, 2.485290050506592, 2.485290050506592, 2.485290050506592, 2.485290050506592, 2.485290050506592, 2.485290050506592, 2.485290050506592, 2.485290050506592, 2.485290050506592, 2.485290050506592, 2.485290050506592, 2.485290050506592, 2.485290050506592, 2.485290050506592, 2.485290050506592, 2.485290050506592, 2.485290050506592, 2.485290050506592, 2.485290050506592, 2.485290050506592, 2.485290050506592, 2.485290050506592, 2.485290050506592, 2.485290050506592, 2.485290050506592, 2.485290050506592, 2.485290050506592, 2.485290050506592, 2.485290050506592, 2.485290050506592, 2.485290050506592, 2.485290050506592, 2.485290050506592, 2.485290050506592, 2.485290050506592, 2.485290050506592, 2.485290050506592, 2.485290050506592], "sdr1_real": [1.6163629293441772, 1.6163629293441772, 1.6163629293441772, 1.6163629293441772, 1.6163629293441772, 1.6163629293441772, 1.6163629293441772, 1.6163629293441772, 1.6163629293441772, 1.6163629293441772, 1.6163629293441772, 1.6163629293441772, 1.6163629293441772, 1.6163629293441772, 1.6163629293441772, 1.6163629293441772, 1.6163629293441772, 1.6163629293441772, 1.6163629293441772, 1.6163629293441772, 1.6163629293441772, 1.6163629293441772, 1.6163629293441772, 1.6163629293441772, 1.6163629293441772, 1.6163629293441772, 1.6163629293441772, 1.6163629293441772, 1.6163629293441772, 1.6163629293441772, 1.6163629293441772, 1.6163629293441772, 1.6163629293441772, 1.6163629293441772, 1.6163629293441772, 1.6163629293441772, 1.6163629293441772, 1.6163629293441772, 1.6163629293441772, 1.6163629293441772, 1.6163629293441772, 1.6163629293441772, 1.6163629293441772, 1.6163629293441772, 1.6163629293441772, 1.6163629293441772, 1.6163629293441772, 1.6163629293441772, 1.6163629293441772, 1.6163629293441772, 1.6163629293441772, 1.6163629293441772, 1.6163629293441772, 1.6163629293441772, 1.6163629293441772, 1.6163629293441772, 1.6163629293441772, 1.6163629293441772, 1.6163629293441772, 1.6163629293441772, 1.6163629293441772, 1.6163629293441772, 1.6163629293441772, 1.6163629293441772, 1.6163629293441772, 1.6163629293441772, 1.6163629293441772, 1.6163629293441772, 1.6163629293441772, 1.6163629293441772, 1.6163629293441772, 1.6163629293441772, 1.6163629293441772, 1.6163629293441772, 1.6163629293441772, 1.6163629293441772, 1.6163629293441772, 1.6163629293441772, 1.6163629293441772, 1.6163629293441772, 1.6163629293441772, 1.6163629293441772, 1.6163629293441772, 1.6163629293441772, 1.6163629293441772, 1.6163629293441772, 1.6163629293441772, 1.6163629293441772, 1.6163629293441772, 1.6163629293441772, 1.6163629293441772, 1.6163629293441772, 1.6163629293441772, 1.6163629293441772, 1.6163629293441772, 1.6163629293441772, 1.6163629293441772, 1.6163629293441772, 1.6163629293441772, 1.6163629293441772], "sdr0_sorted_real": [2.485290050506592, 2.485290050506592, 2.485290050506592, 2.485290050506592, 2.485290050506592, 2.485290050506592, 2.485290050506592, 2.485290050506592, 2.485290050506592, 2.485290050506592, 2.485290050506592, 2.485290050506592, 2.485290050506592, 2.485290050506592, 2.485290050506592, 2.485290050506592, 2.485290050506592, 2.485290050506592, 2.485290050506592, 2.485290050506592, 2.485290050506592, 2.485290050506592, 2.485290050506592, 2.485290050506592, 2.485290050506592, 2.485290050506592, 2.485290050506592, 2.485290050506592, 2.485290050506592, 2.485290050506592, 2.485290050506592, 2.485290050506592, 2.485290050506592, 2.485290050506592, 2.485290050506592, 2.485290050506592, 2.485290050506592, 2.485290050506592, 2.485290050506592, 2.485290050506592, 2.485290050506592, 2.485290050506592, 2.485290050506592, 2.485290050506592, 2.485290050506592, 2.485290050506592, 2.485290050506592, 2.485290050506592, 2.485290050506592, 2.485290050506592, 2.485290050506592, 2.485290050506592, 2.485290050506592, 2.485290050506592, 2.485290050506592, 2.485290050506592, 2.485290050506592, 2.485290050506592, 2.485290050506592, 2.485290050506592, 2.485290050506592, 2.485290050506592, 2.485290050506592, 2.485290050506592, 2.485290050506592, 2.485290050506592, 2.485290050506592, 2.485290050506592, 2.485290050506592, 2.485290050506592, 2.485290050506592, 2.485290050506592, 2.485290050506592, 2.485290050506592, 2.485290050506592, 2.485290050506592, 2.485290050506592, 2.485290050506592, 2.485290050506592, 2.485290050506592, 2.485290050506592, 2.485290050506592, 2.485290050506592, 2.485290050506592, 2.485290050506592, 2.485290050506592, 2.485290050506592, 2.485290050506592, 2.485290050506592, 2.485290050506592, 2.485290050506592, 2.485290050506592, 2.485290050506592, 2.485290050506592, 2.485290050506592, 2.485290050506592, 2.485290050506592, 2.485290050506592, 2.485290050506592, 2.485290050506592], "sdr1_sorted_real": [1.6163629293441772, 1.6163629293441772, 1.6163629293441772, 1.6163629293441772, 1.6163629293441772, 1.6163629293441772, 1.6163629293441772, 1.6163629293441772, 1.6163629293441772, 1.6163629293441772, 1.6163629293441772, 1.6163629293441772, 1.6163629293441772, 1.6163629293441772, 1.6163629293441772, 1.6163629293441772, 1.6163629293441772, 1.6163629293441772, 1.6163629293441772, 1.6163629293441772, 1.6163629293441772, 1.6163629293441772, 1.6163629293441772, 1.6163629293441772, 1.6163629293441772, 1.6163629293441772, 1.6163629293441772, 1.6163629293441772, 1.6163629293441772, 1.6163629293441772, 1.6163629293441772, 1.6163629293441772, 1.6163629293441772, 1.6163629293441772, 1.6163629293441772, 1.6163629293441772, 1.6163629293441772, 1.6163629293441772, 1.6163629293441772, 1.6163629293441772, 1.6163629293441772, 1.6163629293441772, 1.6163629293441772, 1.6163629293441772, 1.6163629293441772, 1.6163629293441772, 1.6163629293441772, 1.6163629293441772, 1.6163629293441772, 1.6163629293441772, 1.6163629293441772, 1.6163629293441772, 1.6163629293441772, 1.6163629293441772, 1.6163629293441772, 1.6163629293441772, 1.6163629293441772, 1.6163629293441772, 1.6163629293441772, 1.6163629293441772, 1.6163629293441772, 1.6163629293441772, 1.6163629293441772, 1.6163629293441772, 1.6163629293441772, 1.6163629293441772, 1.6163629293441772, 1.6163629293441772, 1.6163629293441772, 1.6163629293441772, 1.6163629293441772, 1.6163629293441772, 1.6163629293441772, 1.6163629293441772, 1.6163629293441772, 1.6163629293441772, 1.6163629293441772, 1.6163629293441772, 1.6163629293441772, 1.6163629293441772, 1.6163629293441772, 1.6163629293441772, 1.6163629293441772, 1.6163629293441772, 1.6163629293441772, 1.6163629293441772, 1.6163629293441772, 1.6163629293441772, 1.6163629293441772, 1.6163629293441772, 1.6163629293441772, 1.6163629293441772, 1.6163629293441772, 1.6163629293441772, 1.6163629293441772, 1.6163629293441772, 1.6163629293441772, 1.6163629293441772, 1.6163629293441772, 1.6163629293441772]}