{"sdr0_real": [2.237349271774292, 2.237349271774292, 2.237349271774292, 2.237349271774292, 2.237349271774292, 2.237349271774292, 2.237349271774292, 2.237349271774292, 2.237349271774292, 2.237349271774292, 2.237349271774292, 2.237349271774292, 2.237349271774292, 2.237349271774292, 2.237349271774292, 2.237349271774292, 2.237349271774292, 2.237349271774292, 2.237349271774292, 2.237349271774292, 2.237349271774292, 2.237349271774292, 2.237349271774292, 2.237349271774292, 2.237349271774292, 2.237349271774292, 2.237349271774292, 2.237349271774292, 2.237349271774292, 2.237349271774292, 2.237349271774292, 2.237349271774292, 2.237349271774292, 2.237349271774292, 2.237349271774292, 2.237349271774292, 2.237349271774292, 2.237349271774292, 2.237349271774292, 2.237349271774292, 2.237349271774292, 2.237349271774292, 2.237349271774292, 2.237349271774292, 2.237349271774292, 2.237349271774292, 2.237349271774292, 2.237349271774292, 2.237349271774292, 2.237349271774292, 2.237349271774292, 2.237349271774292, 2.237349271774292, 2.237349271774292, 2.237349271774292, 2.237349271774292, 2.237349271774292, 2.237349271774292, 2.237349271774292, 2.237349271774292, 2.237349271774292, 2.237349271774292, 2.237349271774292, 2.237349271774292, 2.237349271774292, 2.237349271774292, 2.237349271774292, 2.237349271774292, 2.237349271774292, 2.237349271774292, 2.237349271774292, 2.237349271774292, 2.237349271774292, 2.237349271774292, 2.237349271774292, 2.237349271774292, 2.237349271774292, 2.237349271774292, 2.237349271774292, 2.237349271774292, 2.237349271774292, 2.237349271774292, 2.237349271774292, 2.237349271774292, 2.237349271774292, 2.237349271774292, 2.237349271774292, 2.237349271774292, 2.237349271774292, 2.237349271774292, 2.237349271774292, 2.237349271774292, 2.237349271774292, 2.237349271774292, 2.237349271774292, 2.237349271774292, 2.237349271774292, 2.237349271774292, 2.237349271774292, 2.237349271774292], "sdr1_real": [3.279103994369507, 3.279103994369507, 3.279103994369507, 3.279103994369507, 3.279103994369507, 3.279103994369507, 3.279103994369507, 3.279103994369507, 3.279103994369507, 3.279103994369507, 3.279103994369507, 3.279103994369507, 3.279103994369507, 3.279103994369507, 3.279103994369507, 3.279103994369507, 3.279103994369507, 3.279103994369507, 3.279103994369507, 3.279103994369507, 3.279103994369507, 3.279103994369507, 3.279103994369507, 3.279103994369507, 3.279103994369507, 3.279103994369507, 3.279103994369507, 3.279103994369507, 3.279103994369507, 3.279103994369507, 3.279103994369507, 3.279103994369507, 3.279103994369507, 3.279103994369507, 3.279103994369507, 3.279103994369507, 3.279103994369507, 3.279103994369507, 3.279103994369507, 3.279103994369507, 3.279103994369507, 3.279103994369507, 3.279103994369507, 3.279103994369507, 3.279103994369507, 3.279103994369507, 3.279103994369507, 3.279103994369507, 3.279103994369507, 3.279103994369507, 3.279103994369507, 3.279103994369507, 3.279103994369507, 3.279103994369507, 3.279103994369507, 3.279103994369507, 3.279103994369507, 3.279103994369507, 3.279103994369507, 3.279103994369507, 3.279103994369507, 3.279103994369507, 3.279103994369507, 3.279103994369507, 3.279103994369507, 3.279103994369507, 3.279103994369507, 3.279103994369507, 3.279103994369507, 3.279103994369507, 3.279103994369507, 3.279103994369507, 3.279103994369507, 3.279103994369507, 3.279103994369507, 3.279103994369507, 3.279103994369507, 3.279103994369507, 3.279103994369507, 3.279103994369507, 3.279103994369507, 3.279103994369507, 3.279103994369507, 3.279103994369507, 3.279103994369507, 3.279103994369507, 3.279103994369507, 3.279103994369507, 3.279103994369507, 3.279103994369507, 3.279103994369507, 3.279103994369507, 3.279103994369507, 3.279103994369507, 3.279103994369507, 3.279103994369507, 3.279103994369507, 3.279103994369507, 3.279103994369507, 3.279103994369507], "sdr0_sorted_real": [2.237349271774292, 2.237349271774292, 2.237349271774292, 2.237349271774292, 2.237349271774292, 2.237349271774292, 2.237349271774292, 2.237349271774292, 2.237349271774292, 2.237349271774292, 2.237349271774292, 2.237349271774292, 2.237349271774292, 2.237349271774292, 2.237349271774292, 2.237349271774292, 2.237349271774292, 2.237349271774292, 2.237349271774292, 2.237349271774292, 2.237349271774292, 2.237349271774292, 2.237349271774292, 2.237349271774292, 2.237349271774292, 2.237349271774292, 2.237349271774292, 2.237349271774292, 2.237349271774292, 2.237349271774292, 2.237349271774292, 2.237349271774292, 2.237349271774292, 2.237349271774292, 2.237349271774292, 2.237349271774292, 2.237349271774292, 2.237349271774292, 2.237349271774292, 2.237349271774292, 2.237349271774292, 2.237349271774292, 2.237349271774292, 2.237349271774292, 2.237349271774292, 2.237349271774292, 2.237349271774292, 2.237349271774292, 2.237349271774292, 2.237349271774292, 2.237349271774292, 2.237349271774292, 2.237349271774292, 2.237349271774292, 2.237349271774292, 2.237349271774292, 2.237349271774292, 2.237349271774292, 2.237349271774292, 2.237349271774292, 2.237349271774292, 2.237349271774292, 2.237349271774292, 2.237349271774292, 2.237349271774292, 2.237349271774292, 2.237349271774292, 2.237349271774292, 2.237349271774292, 2.237349271774292, 2.237349271774292, 2.237349271774292, 2.237349271774292, 2.237349271774292, 2.237349271774292, 2.237349271774292, 2.237349271774292, 2.237349271774292, 2.237349271774292, 2.237349271774292, 2.237349271774292, 2.237349271774292, 2.237349271774292, 2.237349271774292, 2.237349271774292, 2.237349271774292, 2.237349271774292, 2.237349271774292, 2.237349271774292, 2.237349271774292, 2.237349271774292, 2.237349271774292, 2.237349271774292, 2.237349271774292, 2.237349271774292, 2.237349271774292, 2.237349271774292, 2.237349271774292, 2.237349271774292, 2.237349271774292], "sdr1_sorted_real": [3.279103994369507, 3.279103994369507, 3.279103994369507, 3.279103994369507, 3.279103994369507, 3.279103994369507, 3.279103994369507, 3.279103994369507, 3.279103994369507, 3.279103994369507, 3.279103994369507, 3.279103994369507, 3.279103994369507, 3.279103994369507, 3.279103994369507, 3.279103994369507, 3.279103994369507, 3.279103994369507, 3.279103994369507, 3.279103994369507, 3.279103994369507, 3.279103994369507, 3.279103994369507, 3.279103994369507, 3.279103994369507, 3.279103994369507, 3.279103994369507, 3.279103994369507, 3.279103994369507, 3.279103994369507, 3.279103994369507, 3.279103994369507, 3.279103994369507, 3.279103994369507, 3.279103994369507, 3.279103994369507, 3.279103994369507, 3.279103994369507, 3.279103994369507, 3.279103994369507, 3.279103994369507, 3.279103994369507, 3.279103994369507, 3.279103994369507, 3.279103994369507, 3.279103994369507, 3.279103994369507, 3.279103994369507, 3.279103994369507, 3.279103994369507, 3.279103994369507, 3.279103994369507, 3.279103994369507, 3.279103994369507, 3.279103994369507, 3.279103994369507, 3.279103994369507, 3.279103994369507, 3.279103994369507, 3.279103994369507, 3.279103994369507, 3.279103994369507, 3.279103994369507, 3.279103994369507, 3.279103994369507, 3.279103994369507, 3.279103994369507, 3.279103994369507, 3.279103994369507, 3.279103994369507, 3.279103994369507, 3.279103994369507, 3.279103994369507, 3.279103994369507, 3.279103994369507, 3.279103994369507, 3.279103994369507, 3.279103994369507, 3.279103994369507, 3.279103994369507, 3.279103994369507, 3.279103994369507, 3.279103994369507, 3.279103994369507, 3.279103994369507, 3.279103994369507, 3.279103994369507, 3.279103994369507, 3.279103994369507, 3.279103994369507, 3.279103994369507, 3.279103994369507, 3.279103994369507, 3.279103994369507, 3.279103994369507, 3.279103994369507, 3.279103994369507, 3.279103994369507, 3.279103994369507, 3.279103994369507]}